geo,time,na_item,values
AT,1995-01-01,GDP,49735.9
AT,1995-04-01,GDP,50057.7
AT,1995-07-01,GDP,50259
AT,1995-10-01,GDP,50678.7
AT,1996-01-01,GDP,50896.5
AT,1996-04-01,GDP,51323.1
AT,1996-07-01,GDP,51484.8
AT,1996-10-01,GDP,51573.1
AT,1997-01-01,GDP,51845.6
AT,1997-04-01,GDP,52008.7
AT,1997-07-01,GDP,52700.9
AT,1997-10-01,GDP,53217.4
AT,1998-01-01,GDP,53602.2
AT,1998-04-01,GDP,54180.1
AT,1998-07-01,GDP,54593.9
AT,1998-10-01,GDP,54771.6
AT,1999-01-01,GDP,55110.7
AT,1999-04-01,GDP,55838.5
AT,1999-07-01,GDP,56770.5
AT,1999-10-01,GDP,56953.9
AT,2000-01-01,GDP,57516.7
AT,2000-04-01,GDP,57919
AT,2000-07-01,GDP,58246.3
AT,2000-10-01,GDP,59028.5
AT,2001-01-01,GDP,58915.1
AT,2001-04-01,GDP,58757.3
AT,2001-07-01,GDP,58792.8
AT,2001-10-01,GDP,59066.6
AT,2002-01-01,GDP,59696.8
AT,2002-04-01,GDP,59926.4
AT,2002-07-01,GDP,60126.5
AT,2002-10-01,GDP,59886
AT,2003-01-01,GDP,60306.9
AT,2003-04-01,GDP,60351.9
AT,2003-07-01,GDP,60544
AT,2003-10-01,GDP,60652.9
AT,2004-01-01,GDP,61267.5
AT,2004-04-01,GDP,61773.4
AT,2004-07-01,GDP,62441.6
AT,2004-10-01,GDP,62630.6
AT,2005-01-01,GDP,62506.3
AT,2005-04-01,GDP,63352.5
AT,2005-07-01,GDP,63755.8
AT,2005-10-01,GDP,64317.8
AT,2006-01-01,GDP,65038.3
AT,2006-04-01,GDP,65233.7
AT,2006-07-01,GDP,66032.7
AT,2006-10-01,GDP,66667.1
AT,2007-01-01,GDP,67331
AT,2007-04-01,GDP,68054.9
AT,2007-07-01,GDP,68307.8
AT,2007-10-01,GDP,68912.6
AT,2008-01-01,GDP,69424.9
AT,2008-04-01,GDP,69989
AT,2008-07-01,GDP,69468.2
AT,2008-10-01,GDP,67942.5
AT,2009-01-01,GDP,66765.7
AT,2009-04-01,GDP,66200.2
AT,2009-07-01,GDP,66524.3
AT,2009-10-01,GDP,66878.3
AT,2010-01-01,GDP,66561.3
AT,2010-04-01,GDP,67454.5
AT,2010-07-01,GDP,68150.8
AT,2010-10-01,GDP,68914
AT,2011-01-01,GDP,69437.3
AT,2011-04-01,GDP,69687.6
AT,2011-07-01,GDP,70119.3
AT,2011-10-01,GDP,70075.6
AT,2012-01-01,GDP,70702.5
AT,2012-04-01,GDP,70363.2
AT,2012-07-01,GDP,70182.2
AT,2012-10-01,GDP,70120.6
AT,2013-01-01,GDP,70118.7
AT,2013-04-01,GDP,70117.2
AT,2013-07-01,GDP,70392.1
AT,2013-10-01,GDP,70703.2
AT,2014-01-01,GDP,70533.1
AT,2014-04-01,GDP,70983.8
AT,2014-07-01,GDP,70977.3
AT,2014-10-01,GDP,71046.4
AT,2015-01-01,GDP,71192.2
AT,2015-04-01,GDP,71351.5
AT,2015-07-01,GDP,71844.9
AT,2015-10-01,GDP,71966.4
AT,2016-01-01,GDP,72546.5
AT,2016-04-01,GDP,72643.6
AT,2016-07-01,GDP,73044.3
AT,2016-10-01,GDP,73820.8
AT,2017-01-01,GDP,73994.1
AT,2017-04-01,GDP,74457.3
AT,2017-07-01,GDP,74959.4
AT,2017-10-01,GDP,75448.6
AT,2018-01-01,GDP,75983.6
AT,2018-04-01,GDP,76123.1
AT,2018-07-01,GDP,76465.9
AT,2018-10-01,GDP,77441.3
AT,2019-01-01,GDP,77888.2
AT,2019-04-01,GDP,77494.8
AT,2019-07-01,GDP,77773
AT,2019-10-01,GDP,77315
AT,2020-01-01,GDP,75432.1
AT,2020-04-01,GDP,66931
AT,2020-07-01,GDP,74427.6
AT,2020-10-01,GDP,72796
AT,2021-01-01,GDP,71698.2
AT,2021-04-01,GDP,74781.1
AT,2021-07-01,GDP,78043.3
AT,2021-10-01,GDP,77722.6
AT,2022-01-01,GDP,78104.4
AT,2022-04-01,GDP,79774.3
AT,2022-07-01,GDP,79633.5
AT,2022-10-01,GDP,79431.3
AT,2023-01-01,GDP,79548.5
AT,2023-04-01,GDP,78481.8
AT,2023-07-01,GDP,78290
AT,2023-10-01,GDP,78383.1
AT,2024-01-01,GDP,78513.6
AT,2024-04-01,GDP,78509.3
AT,1995-01-01,Export,15863.1
AT,1995-04-01,Export,15784.6
AT,1995-07-01,Export,16085.2
AT,1995-10-01,Export,15747.9
AT,1996-01-01,Export,16101.8
AT,1996-04-01,Export,16257.5
AT,1996-07-01,Export,16413.8
AT,1996-10-01,Export,17177.3
AT,1997-01-01,Export,17463.8
AT,1997-04-01,Export,18203.5
AT,1997-07-01,Export,18666.9
AT,1997-10-01,Export,19345.4
AT,1998-01-01,Export,19620.4
AT,1998-04-01,Export,20078
AT,1998-07-01,Export,19981.4
AT,1998-10-01,Export,19922.1
AT,1999-01-01,Export,20302.5
AT,1999-04-01,Export,20628.4
AT,1999-07-01,Export,21274.4
AT,1999-10-01,Export,22055.9
AT,2000-01-01,Export,22932.7
AT,2000-04-01,Export,23748.3
AT,2000-07-01,Export,24436
AT,2000-10-01,Export,25390.5
AT,2001-01-01,Export,25302.3
AT,2001-04-01,Export,25471.9
AT,2001-07-01,Export,25515.5
AT,2001-10-01,Export,25534.1
AT,2002-01-01,Export,26423.2
AT,2002-04-01,Export,26449.4
AT,2002-07-01,Export,26579.3
AT,2002-10-01,Export,26405
AT,2003-01-01,Export,26267.5
AT,2003-04-01,Export,26134.2
AT,2003-07-01,Export,26912.6
AT,2003-10-01,Export,27370
AT,2004-01-01,Export,27791
AT,2004-04-01,Export,28828.9
AT,2004-07-01,Export,29291.2
AT,2004-10-01,Export,29045.4
AT,2005-01-01,Export,29668
AT,2005-04-01,Export,30362.5
AT,2005-07-01,Export,31224.5
AT,2005-10-01,Export,32120.5
AT,2006-01-01,Export,32398.4
AT,2006-04-01,Export,33097.1
AT,2006-07-01,Export,33421.7
AT,2006-10-01,Export,34585.6
AT,2007-01-01,Export,34848.2
AT,2007-04-01,Export,35439.6
AT,2007-07-01,Export,36005.1
AT,2007-10-01,Export,36952.2
AT,2008-01-01,Export,37448.1
AT,2008-04-01,Export,37052.6
AT,2008-07-01,Export,36640
AT,2008-10-01,Export,34338.9
AT,2009-01-01,Export,30947.5
AT,2009-04-01,Export,30456.3
AT,2009-07-01,Export,31504.2
AT,2009-10-01,Export,32264.8
AT,2010-01-01,Export,33104.6
AT,2010-04-01,Export,34875.8
AT,2010-07-01,Export,36263.8
AT,2010-10-01,Export,36524.9
AT,2011-01-01,Export,37080.4
AT,2011-04-01,Export,37355.6
AT,2011-07-01,Export,37568.1
AT,2011-10-01,Export,37927.5
AT,2012-01-01,Export,37778.1
AT,2012-04-01,Export,37968.3
AT,2012-07-01,Export,38258.2
AT,2012-10-01,Export,38413.9
AT,2013-01-01,Export,37597.3
AT,2013-04-01,Export,38292
AT,2013-07-01,Export,38709.3
AT,2013-10-01,Export,38580.1
AT,2014-01-01,Export,38745.1
AT,2014-04-01,Export,39138.2
AT,2014-07-01,Export,39723.5
AT,2014-10-01,Export,40285.2
AT,2015-01-01,Export,40474.4
AT,2015-04-01,Export,40526.5
AT,2015-07-01,Export,41043.9
AT,2015-10-01,Export,40646.8
AT,2016-01-01,Export,41600.9
AT,2016-04-01,Export,41385.4
AT,2016-07-01,Export,42126.9
AT,2016-10-01,Export,41687.3
AT,2017-01-01,Export,42974
AT,2017-04-01,Export,43866.7
AT,2017-07-01,Export,44205.8
AT,2017-10-01,Export,45171.2
AT,2018-01-01,Export,45306.5
AT,2018-04-01,Export,46470
AT,2018-07-01,Export,46079.1
AT,2018-10-01,Export,46934.6
AT,2019-01-01,Export,48517.4
AT,2019-04-01,Export,47790.4
AT,2019-07-01,Export,47972.5
AT,2019-10-01,Export,47735.7
AT,2020-01-01,Export,45826.2
AT,2020-04-01,Export,37197.4
AT,2020-07-01,Export,43282.5
AT,2020-10-01,Export,44196.5
AT,2021-01-01,Export,42969.9
AT,2021-04-01,Export,46840.3
AT,2021-07-01,Export,47763.8
AT,2021-10-01,Export,48997.3
AT,2022-01-01,Export,49278.3
AT,2022-04-01,Export,52447
AT,2022-07-01,Export,53217.5
AT,2022-10-01,Export,53668.6
AT,2023-01-01,Export,53969.5
AT,2023-04-01,Export,51888.3
AT,2023-07-01,Export,51543.1
AT,2023-10-01,Export,51524.3
AT,2024-01-01,Export,52855.6
AT,2024-04-01,Export,51414.3
AT,1995-01-01,FinConsExpHH,27779
AT,1995-04-01,FinConsExpHH,27857.8
AT,1995-07-01,FinConsExpHH,28061.8
AT,1995-10-01,FinConsExpHH,28292.2
AT,1996-01-01,FinConsExpHH,28628.5
AT,1996-04-01,FinConsExpHH,29071.5
AT,1996-07-01,FinConsExpHH,28784.5
AT,1996-10-01,FinConsExpHH,28777
AT,1997-01-01,FinConsExpHH,28745.1
AT,1997-04-01,FinConsExpHH,28693.7
AT,1997-07-01,FinConsExpHH,29017.5
AT,1997-10-01,FinConsExpHH,29294.7
AT,1998-01-01,FinConsExpHH,29591.4
AT,1998-04-01,FinConsExpHH,29473.4
AT,1998-07-01,FinConsExpHH,30087.4
AT,1998-10-01,FinConsExpHH,29976.8
AT,1999-01-01,FinConsExpHH,30214.2
AT,1999-04-01,FinConsExpHH,30385.9
AT,1999-07-01,FinConsExpHH,30568.3
AT,1999-10-01,FinConsExpHH,30825.4
AT,2000-01-01,FinConsExpHH,31117.5
AT,2000-04-01,FinConsExpHH,31529.8
AT,2000-07-01,FinConsExpHH,31407.8
AT,2000-10-01,FinConsExpHH,31709.3
AT,2001-01-01,FinConsExpHH,31910.3
AT,2001-04-01,FinConsExpHH,31764.3
AT,2001-07-01,FinConsExpHH,31659.2
AT,2001-10-01,FinConsExpHH,32064
AT,2002-01-01,FinConsExpHH,31819.2
AT,2002-04-01,FinConsExpHH,31991.5
AT,2002-07-01,FinConsExpHH,32138.6
AT,2002-10-01,FinConsExpHH,32360.9
AT,2003-01-01,FinConsExpHH,32476.4
AT,2003-04-01,FinConsExpHH,32599.3
AT,2003-07-01,FinConsExpHH,32774
AT,2003-10-01,FinConsExpHH,32732.6
AT,2004-01-01,FinConsExpHH,32966.7
AT,2004-04-01,FinConsExpHH,33331.6
AT,2004-07-01,FinConsExpHH,33415.5
AT,2004-10-01,FinConsExpHH,33855.3
AT,2005-01-01,FinConsExpHH,33636.3
AT,2005-04-01,FinConsExpHH,34209.5
AT,2005-07-01,FinConsExpHH,34461.1
AT,2005-10-01,FinConsExpHH,34356.1
AT,2006-01-01,FinConsExpHH,34748.9
AT,2006-04-01,FinConsExpHH,34690.7
AT,2006-07-01,FinConsExpHH,35005.6
AT,2006-10-01,FinConsExpHH,35114
AT,2007-01-01,FinConsExpHH,35012.5
AT,2007-04-01,FinConsExpHH,35348.4
AT,2007-07-01,FinConsExpHH,35260.9
AT,2007-10-01,FinConsExpHH,35522.6
AT,2008-01-01,FinConsExpHH,35899
AT,2008-04-01,FinConsExpHH,35618.5
AT,2008-07-01,FinConsExpHH,35439.2
AT,2008-10-01,FinConsExpHH,35554.8
AT,2009-01-01,FinConsExpHH,35538.8
AT,2009-04-01,FinConsExpHH,36161.4
AT,2009-07-01,FinConsExpHH,36129.6
AT,2009-10-01,FinConsExpHH,35809.3
AT,2010-01-01,FinConsExpHH,35993.6
AT,2010-04-01,FinConsExpHH,35907.7
AT,2010-07-01,FinConsExpHH,36652.3
AT,2010-10-01,FinConsExpHH,36542.5
AT,2011-01-01,FinConsExpHH,36389.7
AT,2011-04-01,FinConsExpHH,36684.2
AT,2011-07-01,FinConsExpHH,36839.7
AT,2011-10-01,FinConsExpHH,37225
AT,2012-01-01,FinConsExpHH,37351.7
AT,2012-04-01,FinConsExpHH,37075.8
AT,2012-07-01,FinConsExpHH,36834.7
AT,2012-10-01,FinConsExpHH,36737.2
AT,2013-01-01,FinConsExpHH,36915.9
AT,2013-04-01,FinConsExpHH,36928.7
AT,2013-07-01,FinConsExpHH,36932.5
AT,2013-10-01,FinConsExpHH,37060.6
AT,2014-01-01,FinConsExpHH,37118.9
AT,2014-04-01,FinConsExpHH,37053.4
AT,2014-07-01,FinConsExpHH,37170.6
AT,2014-10-01,FinConsExpHH,36960.1
AT,2015-01-01,FinConsExpHH,37143.2
AT,2015-04-01,FinConsExpHH,37073.8
AT,2015-07-01,FinConsExpHH,37274.7
AT,2015-10-01,FinConsExpHH,37531.4
AT,2016-01-01,FinConsExpHH,37335.1
AT,2016-04-01,FinConsExpHH,37796.1
AT,2016-07-01,FinConsExpHH,37885.2
AT,2016-10-01,FinConsExpHH,38367.8
AT,2017-01-01,FinConsExpHH,38348.8
AT,2017-04-01,FinConsExpHH,38533.1
AT,2017-07-01,FinConsExpHH,38969.4
AT,2017-10-01,FinConsExpHH,38595.4
AT,2018-01-01,FinConsExpHH,39124.4
AT,2018-04-01,FinConsExpHH,39017.3
AT,2018-07-01,FinConsExpHH,38830.8
AT,2018-10-01,FinConsExpHH,39226.7
AT,2019-01-01,FinConsExpHH,39337.5
AT,2019-04-01,FinConsExpHH,39165.9
AT,2019-07-01,FinConsExpHH,39193.9
AT,2019-10-01,FinConsExpHH,39390.4
AT,2020-01-01,FinConsExpHH,37677.1
AT,2020-04-01,FinConsExpHH,33168.3
AT,2020-07-01,FinConsExpHH,37104
AT,2020-10-01,FinConsExpHH,35802.1
AT,2021-01-01,FinConsExpHH,34668.6
AT,2021-04-01,FinConsExpHH,36487.5
AT,2021-07-01,FinConsExpHH,39923.5
AT,2021-10-01,FinConsExpHH,38499.2
AT,2022-01-01,FinConsExpHH,39381.6
AT,2022-04-01,FinConsExpHH,39650.5
AT,2022-07-01,FinConsExpHH,39719.9
AT,2022-10-01,FinConsExpHH,39571.1
AT,2023-01-01,FinConsExpHH,39681.6
AT,2023-04-01,FinConsExpHH,39626.1
AT,2023-07-01,FinConsExpHH,39368.4
AT,2023-10-01,FinConsExpHH,39447.3
AT,2024-01-01,FinConsExpHH,39761.1
AT,2024-04-01,FinConsExpHH,39563.5
AT,1995-01-01,GValueAddAgri,746.2
AT,1995-04-01,GValueAddAgri,751
AT,1995-07-01,GValueAddAgri,745
AT,1995-10-01,GValueAddAgri,744.1
AT,1996-01-01,GValueAddAgri,738.3
AT,1996-04-01,GValueAddAgri,729
AT,1996-07-01,GValueAddAgri,732.6
AT,1996-10-01,GValueAddAgri,723.5
AT,1997-01-01,GValueAddAgri,734.4
AT,1997-04-01,GValueAddAgri,741
AT,1997-07-01,GValueAddAgri,744.3
AT,1997-10-01,GValueAddAgri,759.6
AT,1998-01-01,GValueAddAgri,765.4
AT,1998-04-01,GValueAddAgri,776.7
AT,1998-07-01,GValueAddAgri,787.6
AT,1998-10-01,GValueAddAgri,803.1
AT,1999-01-01,GValueAddAgri,811
AT,1999-04-01,GValueAddAgri,814.7
AT,1999-07-01,GValueAddAgri,820
AT,1999-10-01,GValueAddAgri,812.9
AT,2000-01-01,GValueAddAgri,806.4
AT,2000-04-01,GValueAddAgri,802.8
AT,2000-07-01,GValueAddAgri,799.8
AT,2000-10-01,GValueAddAgri,795.3
AT,2001-01-01,GValueAddAgri,789.7
AT,2001-04-01,GValueAddAgri,788.5
AT,2001-07-01,GValueAddAgri,777.6
AT,2001-10-01,GValueAddAgri,776.7
AT,2002-01-01,GValueAddAgri,772.5
AT,2002-04-01,GValueAddAgri,770.9
AT,2002-07-01,GValueAddAgri,767.3
AT,2002-10-01,GValueAddAgri,758.8
AT,2003-01-01,GValueAddAgri,759
AT,2003-04-01,GValueAddAgri,751
AT,2003-07-01,GValueAddAgri,757
AT,2003-10-01,GValueAddAgri,768.7
AT,2004-01-01,GValueAddAgri,795.3
AT,2004-04-01,GValueAddAgri,807.7
AT,2004-07-01,GValueAddAgri,820.4
AT,2004-10-01,GValueAddAgri,819.9
AT,2005-01-01,GValueAddAgri,802.8
AT,2005-04-01,GValueAddAgri,809.1
AT,2005-07-01,GValueAddAgri,805.8
AT,2005-10-01,GValueAddAgri,811.4
AT,2006-01-01,GValueAddAgri,803.7
AT,2006-04-01,GValueAddAgri,795.3
AT,2006-07-01,GValueAddAgri,805.3
AT,2006-10-01,GValueAddAgri,816.4
AT,2007-01-01,GValueAddAgri,837.4
AT,2007-04-01,GValueAddAgri,858.8
AT,2007-07-01,GValueAddAgri,866.2
AT,2007-10-01,GValueAddAgri,874
AT,2008-01-01,GValueAddAgri,906.7
AT,2008-04-01,GValueAddAgri,917.2
AT,2008-07-01,GValueAddAgri,929
AT,2008-10-01,GValueAddAgri,934.3
AT,2009-01-01,GValueAddAgri,893.9
AT,2009-04-01,GValueAddAgri,879.9
AT,2009-07-01,GValueAddAgri,860.2
AT,2009-10-01,GValueAddAgri,841.4
AT,2010-01-01,GValueAddAgri,851.1
AT,2010-04-01,GValueAddAgri,764.5
AT,2010-07-01,GValueAddAgri,810.3
AT,2010-10-01,GValueAddAgri,853.2
AT,2011-01-01,GValueAddAgri,914.8
AT,2011-04-01,GValueAddAgri,929.1
AT,2011-07-01,GValueAddAgri,946.1
AT,2011-10-01,GValueAddAgri,947.2
AT,2012-01-01,GValueAddAgri,896.5
AT,2012-04-01,GValueAddAgri,886
AT,2012-07-01,GValueAddAgri,854.8
AT,2012-10-01,GValueAddAgri,839.4
AT,2013-01-01,GValueAddAgri,832.9
AT,2013-04-01,GValueAddAgri,833.8
AT,2013-07-01,GValueAddAgri,847.2
AT,2013-10-01,GValueAddAgri,865.7
AT,2014-01-01,GValueAddAgri,881.2
AT,2014-04-01,GValueAddAgri,871
AT,2014-07-01,GValueAddAgri,877.8
AT,2014-10-01,GValueAddAgri,862.6
AT,2015-01-01,GValueAddAgri,870
AT,2015-04-01,GValueAddAgri,887.9
AT,2015-07-01,GValueAddAgri,885.5
AT,2015-10-01,GValueAddAgri,916
AT,2016-01-01,GValueAddAgri,909.4
AT,2016-04-01,GValueAddAgri,910.8
AT,2016-07-01,GValueAddAgri,922.4
AT,2016-10-01,GValueAddAgri,897.2
AT,2017-01-01,GValueAddAgri,939.6
AT,2017-04-01,GValueAddAgri,945.2
AT,2017-07-01,GValueAddAgri,968
AT,2017-10-01,GValueAddAgri,998.4
AT,2018-01-01,GValueAddAgri,999.2
AT,2018-04-01,GValueAddAgri,975.9
AT,2018-07-01,GValueAddAgri,964
AT,2018-10-01,GValueAddAgri,984.9
AT,2019-01-01,GValueAddAgri,929.1
AT,2019-04-01,GValueAddAgri,956
AT,2019-07-01,GValueAddAgri,947.4
AT,2019-10-01,GValueAddAgri,902.6
AT,2020-01-01,GValueAddAgri,907.6
AT,2020-04-01,GValueAddAgri,872.9
AT,2020-07-01,GValueAddAgri,864.2
AT,2020-10-01,GValueAddAgri,885
AT,2021-01-01,GValueAddAgri,894
AT,2021-04-01,GValueAddAgri,916.1
AT,2021-07-01,GValueAddAgri,927.6
AT,2021-10-01,GValueAddAgri,930.3
AT,2022-01-01,GValueAddAgri,964.2
AT,2022-04-01,GValueAddAgri,981.7
AT,2022-07-01,GValueAddAgri,978.5
AT,2022-10-01,GValueAddAgri,965.1
AT,2023-01-01,GValueAddAgri,957.2
AT,2023-04-01,GValueAddAgri,947.9
AT,2023-07-01,GValueAddAgri,948.2
AT,2023-10-01,GValueAddAgri,950.5
AT,2024-01-01,GValueAddAgri,942.3
AT,2024-04-01,GValueAddAgri,936.9
AT,1996-01-01,HICP_Electricity,211.14
AT,1996-04-01,HICP_Electricity,215.67
AT,1996-07-01,HICP_Electricity,224.52
AT,1996-10-01,HICP_Electricity,224.73
AT,1997-01-01,HICP_Electricity,224.8
AT,1997-04-01,HICP_Electricity,224.94
AT,1997-07-01,HICP_Electricity,224.94
AT,1997-10-01,HICP_Electricity,224.94
AT,1998-01-01,HICP_Electricity,224.94
AT,1998-04-01,HICP_Electricity,224.94
AT,1998-07-01,HICP_Electricity,224.94
AT,1998-10-01,HICP_Electricity,224.94
AT,1999-01-01,HICP_Electricity,224.94
AT,1999-04-01,HICP_Electricity,224.94
AT,1999-07-01,HICP_Electricity,223.27
AT,1999-10-01,HICP_Electricity,219.55
AT,2000-01-01,HICP_Electricity,213.85
AT,2000-04-01,HICP_Electricity,218.38
AT,2000-07-01,HICP_Electricity,228.52
AT,2000-10-01,HICP_Electricity,227.8
AT,2001-01-01,HICP_Electricity,226.74
AT,2001-04-01,HICP_Electricity,226.71
AT,2001-07-01,HICP_Electricity,226.32
AT,2001-10-01,HICP_Electricity,221.77
AT,2002-01-01,HICP_Electricity,222.25
AT,2002-04-01,HICP_Electricity,217.07
AT,2002-07-01,HICP_Electricity,216.49
AT,2002-10-01,HICP_Electricity,219.03
AT,2003-01-01,HICP_Electricity,218.82
AT,2003-04-01,HICP_Electricity,220.28
AT,2003-07-01,HICP_Electricity,221.97
AT,2003-10-01,HICP_Electricity,222.71
AT,2004-01-01,HICP_Electricity,222.82
AT,2004-04-01,HICP_Electricity,225.59
AT,2004-07-01,HICP_Electricity,226.79
AT,2004-10-01,HICP_Electricity,232.62
AT,2005-01-01,HICP_Electricity,235.76
AT,2005-04-01,HICP_Electricity,233.47
AT,2005-07-01,HICP_Electricity,232.67
AT,2005-10-01,HICP_Electricity,233.55
AT,2006-01-01,HICP_Electricity,237.77
AT,2006-04-01,HICP_Electricity,242.77
AT,2006-07-01,HICP_Electricity,243.66
AT,2006-10-01,HICP_Electricity,244.37
AT,2007-01-01,HICP_Electricity,263.44
AT,2007-04-01,HICP_Electricity,264.36
AT,2007-07-01,HICP_Electricity,264.78
AT,2007-10-01,HICP_Electricity,265.26
AT,2008-01-01,HICP_Electricity,266.06
AT,2008-04-01,HICP_Electricity,266.46
AT,2008-07-01,HICP_Electricity,268.08
AT,2008-10-01,HICP_Electricity,275.4
AT,2009-01-01,HICP_Electricity,279.75
AT,2009-04-01,HICP_Electricity,279.75
AT,2009-07-01,HICP_Electricity,280.2
AT,2009-10-01,HICP_Electricity,280.33
AT,2010-01-01,HICP_Electricity,282.03
AT,2010-04-01,HICP_Electricity,282.71
AT,2010-07-01,HICP_Electricity,283.38
AT,2010-10-01,HICP_Electricity,283.27
AT,2011-01-01,HICP_Electricity,282.04
AT,2011-04-01,HICP_Electricity,283.23
AT,2011-07-01,HICP_Electricity,283.38
AT,2011-10-01,HICP_Electricity,283.38
AT,2012-01-01,HICP_Electricity,282.04
AT,2012-04-01,HICP_Electricity,282.48
AT,2012-07-01,HICP_Electricity,288.46
AT,2012-10-01,HICP_Electricity,288.36
AT,2013-01-01,HICP_Electricity,298.98
AT,2013-04-01,HICP_Electricity,298.98
AT,2013-07-01,HICP_Electricity,298.4
AT,2013-10-01,HICP_Electricity,296.34
AT,2014-01-01,HICP_Electricity,299.52
AT,2014-04-01,HICP_Electricity,299.52
AT,2014-07-01,HICP_Electricity,299.52
AT,2014-10-01,HICP_Electricity,293.7
AT,2015-01-01,HICP_Electricity,301.59
AT,2015-04-01,HICP_Electricity,300.21
AT,2015-07-01,HICP_Electricity,300.21
AT,2015-10-01,HICP_Electricity,297.99
AT,2016-01-01,HICP_Electricity,303.93
AT,2016-04-01,HICP_Electricity,303.72
AT,2016-07-01,HICP_Electricity,303.72
AT,2016-10-01,HICP_Electricity,302.05
AT,2017-01-01,HICP_Electricity,286.85
AT,2017-04-01,HICP_Electricity,286.71
AT,2017-07-01,HICP_Electricity,286.71
AT,2017-10-01,HICP_Electricity,286.71
AT,2018-01-01,HICP_Electricity,286.11
AT,2018-04-01,HICP_Electricity,286.11
AT,2018-07-01,HICP_Electricity,287.04
AT,2018-10-01,HICP_Electricity,297.84
AT,2019-01-01,HICP_Electricity,297.32
AT,2019-04-01,HICP_Electricity,298.69
AT,2019-07-01,HICP_Electricity,302.25
AT,2019-10-01,HICP_Electricity,302.61
AT,2020-01-01,HICP_Electricity,316.41
AT,2020-04-01,HICP_Electricity,318
AT,2020-07-01,HICP_Electricity,318.22
AT,2020-10-01,HICP_Electricity,317.88
AT,2021-01-01,HICP_Electricity,333.57
AT,2021-04-01,HICP_Electricity,334.34
AT,2021-07-01,HICP_Electricity,339.19
AT,2021-10-01,HICP_Electricity,352.28
AT,2022-01-01,HICP_Electricity,368.86
AT,2022-04-01,HICP_Electricity,341.39
AT,2022-07-01,HICP_Electricity,405.86
AT,2022-10-01,HICP_Electricity,394.83
AT,2023-01-01,HICP_Electricity,384.87
AT,2023-04-01,HICP_Electricity,356.29
AT,2023-07-01,HICP_Electricity,344.13
AT,2023-10-01,HICP_Electricity,373.35
AT,2024-01-01,HICP_Electricity,381.62
AT,2024-04-01,HICP_Electricity,375.5
AT,2013-01-01,HICP_Diesel,369.7
AT,2013-04-01,HICP_Diesel,359.08
AT,2013-07-01,HICP_Diesel,365.15
AT,2013-10-01,HICP_Diesel,360.51
AT,2014-01-01,HICP_Diesel,355.96
AT,2014-04-01,HICP_Diesel,352.65
AT,2014-07-01,HICP_Diesel,349.52
AT,2014-10-01,HICP_Diesel,333.36
AT,2015-01-01,HICP_Diesel,304.36
AT,2015-04-01,HICP_Diesel,315.33
AT,2015-07-01,HICP_Diesel,296.85
AT,2015-10-01,HICP_Diesel,283.46
AT,2016-01-01,HICP_Diesel,257.93
AT,2016-04-01,HICP_Diesel,275.87
AT,2016-07-01,HICP_Diesel,279.18
AT,2016-10-01,HICP_Diesel,287.92
AT,2017-01-01,HICP_Diesel,301.76
AT,2017-04-01,HICP_Diesel,292.93
AT,2017-07-01,HICP_Diesel,287.48
AT,2017-10-01,HICP_Diesel,303.38
AT,2018-01-01,HICP_Diesel,306.23
AT,2018-04-01,HICP_Diesel,323.54
AT,2018-07-01,HICP_Diesel,332.83
AT,2018-10-01,HICP_Diesel,345.78
AT,2019-01-01,HICP_Diesel,320.87
AT,2019-04-01,HICP_Diesel,328.37
AT,2019-07-01,HICP_Diesel,320.24
AT,2019-10-01,HICP_Diesel,322.83
AT,2020-01-01,HICP_Diesel,310.69
AT,2020-04-01,HICP_Diesel,270.97
AT,2020-07-01,HICP_Diesel,274.35
AT,2020-10-01,HICP_Diesel,271.68
AT,2021-01-01,HICP_Diesel,298.28
AT,2021-04-01,HICP_Diesel,317.03
AT,2021-07-01,HICP_Diesel,333.81
AT,2021-10-01,HICP_Diesel,370.6
AT,2022-01-01,HICP_Diesel,414.96
AT,2022-04-01,HICP_Diesel,505.76
AT,2022-07-01,HICP_Diesel,520.32
AT,2022-10-01,HICP_Diesel,504.69
AT,2023-01-01,HICP_Diesel,452.73
AT,2023-04-01,HICP_Diesel,410.07
AT,2023-07-01,HICP_Diesel,443.81
AT,2023-10-01,HICP_Diesel,453.62
AT,2024-01-01,HICP_Diesel,447.91
AT,2024-04-01,HICP_Diesel,436.14
AT,2013-01-01,HICP_Petrol,354.09
AT,2013-04-01,HICP_Petrol,347.25
AT,2013-07-01,HICP_Petrol,353.59
AT,2013-10-01,HICP_Petrol,338.17
AT,2014-01-01,HICP_Petrol,336.17
AT,2014-04-01,HICP_Petrol,341.75
AT,2014-07-01,HICP_Petrol,344.34
AT,2014-10-01,HICP_Petrol,324.16
AT,2015-01-01,HICP_Petrol,291.98
AT,2015-04-01,HICP_Petrol,316.15
AT,2015-07-01,HICP_Petrol,309.15
AT,2015-10-01,HICP_Petrol,282.73
AT,2016-01-01,HICP_Petrol,264.47
AT,2016-04-01,HICP_Petrol,281.88
AT,2016-07-01,HICP_Petrol,279.06
AT,2016-10-01,HICP_Petrol,286.06
AT,2017-01-01,HICP_Petrol,297.23
AT,2017-04-01,HICP_Petrol,293.64
AT,2017-07-01,HICP_Petrol,289.98
AT,2017-10-01,HICP_Petrol,297.9
AT,2018-01-01,HICP_Petrol,298.15
AT,2018-04-01,HICP_Petrol,314.41
AT,2018-07-01,HICP_Petrol,324.83
AT,2018-10-01,HICP_Petrol,324.49
AT,2019-01-01,HICP_Petrol,295.97
AT,2019-04-01,HICP_Petrol,319.06
AT,2019-07-01,HICP_Petrol,313.74
AT,2019-10-01,HICP_Petrol,309.65
AT,2020-01-01,HICP_Petrol,297.14
AT,2020-04-01,HICP_Petrol,258.71
AT,2020-07-01,HICP_Petrol,265.38
AT,2020-10-01,HICP_Petrol,265.13
AT,2021-01-01,HICP_Petrol,287.56
AT,2021-04-01,HICP_Petrol,310.15
AT,2021-07-01,HICP_Petrol,329.24
AT,2021-10-01,HICP_Petrol,350.51
AT,2022-01-01,HICP_Petrol,385.27
AT,2022-04-01,HICP_Petrol,457.8
AT,2022-07-01,HICP_Petrol,468.47
AT,2022-10-01,HICP_Petrol,414.11
AT,2023-01-01,HICP_Petrol,393.44
AT,2023-04-01,HICP_Petrol,395.1
AT,2023-07-01,HICP_Petrol,412.03
AT,2023-10-01,HICP_Petrol,394.77
AT,2024-01-01,HICP_Petrol,392.52
AT,2024-04-01,HICP_Petrol,410.2
AT,2013-01-01,HICP_AviaInt,301.97
AT,2013-04-01,HICP_AviaInt,326.38
AT,2013-07-01,HICP_AviaInt,337.18
AT,2013-10-01,HICP_AviaInt,286.6
AT,2014-01-01,HICP_AviaInt,276.74
AT,2014-04-01,HICP_AviaInt,295.06
AT,2014-07-01,HICP_AviaInt,320.95
AT,2014-10-01,HICP_AviaInt,286.12
AT,2015-01-01,HICP_AviaInt,275.09
AT,2015-04-01,HICP_AviaInt,293.88
AT,2015-07-01,HICP_AviaInt,330.98
AT,2015-10-01,HICP_AviaInt,300.05
AT,2016-01-01,HICP_AviaInt,279.1
AT,2016-04-01,HICP_AviaInt,272.16
AT,2016-07-01,HICP_AviaInt,306.63
AT,2016-10-01,HICP_AviaInt,276.1
AT,2017-01-01,HICP_AviaInt,284.09
AT,2017-04-01,HICP_AviaInt,333.47
AT,2017-07-01,HICP_AviaInt,357.86
AT,2017-10-01,HICP_AviaInt,305.7
AT,2018-01-01,HICP_AviaInt,284.94
AT,2018-04-01,HICP_AviaInt,317.75
AT,2018-07-01,HICP_AviaInt,338.39
AT,2018-10-01,HICP_AviaInt,280.16
AT,2019-01-01,HICP_AviaInt,238.58
AT,2019-04-01,HICP_AviaInt,307.93
AT,2019-07-01,HICP_AviaInt,313.07
AT,2019-10-01,HICP_AviaInt,286.25
AT,2020-01-01,HICP_AviaInt,250.51
AT,2020-04-01,HICP_AviaInt,311.85
AT,2020-07-01,HICP_AviaInt,263.75
AT,2020-10-01,HICP_AviaInt,221.22
AT,2021-01-01,HICP_AviaInt,251.53
AT,2021-04-01,HICP_AviaInt,253.2
AT,2021-07-01,HICP_AviaInt,350.71
AT,2021-10-01,HICP_AviaInt,278.83
AT,2022-01-01,HICP_AviaInt,252.58
AT,2022-04-01,HICP_AviaInt,384.99
AT,2022-07-01,HICP_AviaInt,449.43
AT,2022-10-01,HICP_AviaInt,368.06
AT,2023-01-01,HICP_AviaInt,365.54
AT,2023-04-01,HICP_AviaInt,430.76
AT,2023-07-01,HICP_AviaInt,425.11
AT,2023-10-01,HICP_AviaInt,394.3
AT,2024-01-01,HICP_AviaInt,356.43
AT,2024-04-01,HICP_AviaInt,464.75
AT,1996-01-01,IndProd,50.9
AT,1996-04-01,IndProd,51.9
AT,1996-07-01,IndProd,51.9
AT,1996-10-01,IndProd,56
AT,1997-01-01,IndProd,51.8
AT,1997-04-01,IndProd,55.7
AT,1997-07-01,IndProd,55.6
AT,1997-10-01,IndProd,60.9
AT,1998-01-01,IndProd,57.1
AT,1998-04-01,IndProd,60.4
AT,1998-07-01,IndProd,60.9
AT,1998-10-01,IndProd,64.5
AT,1999-01-01,IndProd,59
AT,1999-04-01,IndProd,64.2
AT,1999-07-01,IndProd,63.7
AT,1999-10-01,IndProd,71.5
AT,2000-01-01,IndProd,65.6
AT,2000-04-01,IndProd,69.9
AT,2000-07-01,IndProd,69.2
AT,2000-10-01,IndProd,76.1
AT,2001-01-01,IndProd,71.4
AT,2001-04-01,IndProd,72
AT,2001-07-01,IndProd,70.6
AT,2001-10-01,IndProd,75.5
AT,2002-01-01,IndProd,69.6
AT,2002-04-01,IndProd,74
AT,2002-07-01,IndProd,71.8
AT,2002-10-01,IndProd,77
AT,2003-01-01,IndProd,71.5
AT,2003-04-01,IndProd,73.8
AT,2003-07-01,IndProd,73.7
AT,2003-10-01,IndProd,78.7
AT,2004-01-01,IndProd,74.5
AT,2004-04-01,IndProd,79.3
AT,2004-07-01,IndProd,80.1
AT,2004-10-01,IndProd,84.8
AT,2005-01-01,IndProd,76.6
AT,2005-04-01,IndProd,83.7
AT,2005-07-01,IndProd,82
AT,2005-10-01,IndProd,89
AT,2006-01-01,IndProd,83.7
AT,2006-04-01,IndProd,87.6
AT,2006-07-01,IndProd,88
AT,2006-10-01,IndProd,95.5
AT,2007-01-01,IndProd,90.4
AT,2007-04-01,IndProd,93.1
AT,2007-07-01,IndProd,92.7
AT,2007-10-01,IndProd,99.2
AT,2008-01-01,IndProd,94
AT,2008-04-01,IndProd,98.9
AT,2008-07-01,IndProd,95.5
AT,2008-10-01,IndProd,95.7
AT,2009-01-01,IndProd,82.2
AT,2009-04-01,IndProd,81.6
AT,2009-07-01,IndProd,84.1
AT,2009-10-01,IndProd,90.8
AT,2010-01-01,IndProd,82
AT,2010-04-01,IndProd,89.4
AT,2010-07-01,IndProd,92.4
AT,2010-10-01,IndProd,98.8
AT,2011-01-01,IndProd,91.8
AT,2011-04-01,IndProd,96.7
AT,2011-07-01,IndProd,95.9
AT,2011-10-01,IndProd,100.7
AT,2012-01-01,IndProd,92.8
AT,2012-04-01,IndProd,96
AT,2012-07-01,IndProd,95.4
AT,2012-10-01,IndProd,100.6
AT,2013-01-01,IndProd,91.7
AT,2013-04-01,IndProd,96.7
AT,2013-07-01,IndProd,97
AT,2013-10-01,IndProd,102.1
AT,2014-01-01,IndProd,93.3
AT,2014-04-01,IndProd,97.8
AT,2014-07-01,IndProd,97.4
AT,2014-10-01,IndProd,102.5
AT,2015-01-01,IndProd,95.7
AT,2015-04-01,IndProd,99.6
AT,2015-07-01,IndProd,100.1
AT,2015-10-01,IndProd,104.6
AT,2016-01-01,IndProd,98.3
AT,2016-04-01,IndProd,102.6
AT,2016-07-01,IndProd,100.4
AT,2016-10-01,IndProd,107.8
AT,2017-01-01,IndProd,103.4
AT,2017-04-01,IndProd,106
AT,2017-07-01,IndProd,106.8
AT,2017-10-01,IndProd,114
AT,2018-01-01,IndProd,109.6
AT,2018-04-01,IndProd,112.4
AT,2018-07-01,IndProd,109.7
AT,2018-10-01,IndProd,120.3
AT,2019-01-01,IndProd,114.3
AT,2019-04-01,IndProd,112.4
AT,2019-07-01,IndProd,110.2
AT,2019-10-01,IndProd,116
AT,2020-01-01,IndProd,109.4
AT,2020-04-01,IndProd,94
AT,2020-07-01,IndProd,108
AT,2020-10-01,IndProd,116.9
AT,2021-01-01,IndProd,111.6
AT,2021-04-01,IndProd,118
AT,2021-07-01,IndProd,117.7
AT,2021-10-01,IndProd,129
AT,2022-01-01,IndProd,125.5
AT,2022-04-01,IndProd,128
AT,2022-07-01,IndProd,122.9
AT,2022-10-01,IndProd,131.1
AT,2023-01-01,IndProd,128
AT,2023-04-01,IndProd,126.3
AT,2023-07-01,IndProd,119.7
AT,2023-10-01,IndProd,124.2
AT,2002-01-01,Flights,4967
AT,2002-04-01,Flights,5166
AT,2002-07-01,Flights,5128
AT,2002-10-01,Flights,5070
AT,2003-01-01,Flights,4965
AT,2003-04-01,Flights,4749
AT,2003-07-01,Flights,4851
AT,2003-10-01,Flights,4847
AT,2004-01-01,Flights,4768
AT,2004-04-01,Flights,4788
AT,2004-07-01,Flights,4844
AT,2004-10-01,Flights,4572
AT,2005-01-01,Flights,4441
AT,2005-04-01,Flights,4965
AT,2005-07-01,Flights,4937
AT,2005-10-01,Flights,4748
AT,2006-01-01,Flights,5063
AT,2006-04-01,Flights,4931
AT,2006-07-01,Flights,5107
AT,2006-10-01,Flights,4572
AT,2007-01-01,Flights,4784
AT,2007-04-01,Flights,4958
AT,2007-07-01,Flights,5038
AT,2007-10-01,Flights,5117
AT,2008-01-01,Flights,5257
AT,2008-04-01,Flights,5238
AT,2008-07-01,Flights,5186
AT,2008-10-01,Flights,4949
AT,2009-01-01,Flights,5088
AT,2009-04-01,Flights,4857
AT,2009-07-01,Flights,5182
AT,2009-10-01,Flights,4873
AT,2010-01-01,Flights,4702
AT,2010-04-01,Flights,5109
AT,2010-07-01,Flights,5295
AT,2010-10-01,Flights,4811
AT,2011-01-01,Flights,4093
AT,2011-04-01,Flights,3950
AT,2011-07-01,Flights,3825
AT,2011-10-01,Flights,3609
AT,2012-01-01,Flights,3596
AT,2012-04-01,Flights,4198
AT,2012-07-01,Flights,4054
AT,2012-10-01,Flights,3796
AT,2013-01-01,Flights,3565
AT,2013-04-01,Flights,3927
AT,2013-07-01,Flights,3830
AT,2013-10-01,Flights,3612
AT,2014-01-01,Flights,3368
AT,2014-04-01,Flights,3546
AT,2014-07-01,Flights,3614
AT,2014-10-01,Flights,3500
AT,2015-01-01,Flights,3303
AT,2015-04-01,Flights,3065
AT,2015-07-01,Flights,3144
AT,2015-10-01,Flights,2985
AT,2016-01-01,Flights,2751
AT,2016-04-01,Flights,2925
AT,2016-07-01,Flights,2555
AT,2016-10-01,Flights,2834
AT,2017-01-01,Flights,2671
AT,2017-04-01,Flights,2784
AT,2017-07-01,Flights,2730
AT,2017-10-01,Flights,2758
AT,2018-01-01,Flights,2393
AT,2018-04-01,Flights,2782
AT,2018-07-01,Flights,2719
AT,2018-10-01,Flights,2738
AT,2019-01-01,Flights,2342
AT,2019-04-01,Flights,2423
AT,2019-07-01,Flights,2593
AT,2019-10-01,Flights,2552
AT,2020-01-01,Flights,1834
AT,2020-04-01,Flights,37
AT,2020-07-01,Flights,775
AT,2020-10-01,Flights,617
AT,2021-01-01,Flights,341
AT,2021-04-01,Flights,528
AT,2021-07-01,Flights,869
AT,2021-10-01,Flights,790
AT,2022-01-01,Flights,620
AT,2022-04-01,Flights,1099
AT,2022-07-01,Flights,1137
AT,2022-10-01,Flights,1069
AT,2023-01-01,Flights,939
AT,2023-04-01,Flights,1203
AT,2023-07-01,Flights,1065
AT,2023-10-01,Flights,1140
AT,2024-01-01,Flights,874
AT,1999-01-01,RoadFreight,8014
AT,1999-04-01,RoadFreight,8953
AT,1999-07-01,RoadFreight,8655
AT,1999-10-01,RoadFreight,8359
AT,2000-01-01,RoadFreight,8149
AT,2000-04-01,RoadFreight,9231
AT,2000-07-01,RoadFreight,9023
AT,2000-10-01,RoadFreight,8719
AT,2001-01-01,RoadFreight,8846
AT,2001-04-01,RoadFreight,9861
AT,2001-07-01,RoadFreight,9329
AT,2001-10-01,RoadFreight,9496
AT,2002-01-01,RoadFreight,9233
AT,2002-04-01,RoadFreight,9921
AT,2002-07-01,RoadFreight,9659
AT,2002-10-01,RoadFreight,9685
AT,2003-01-01,RoadFreight,9165
AT,2003-04-01,RoadFreight,10239
AT,2003-07-01,RoadFreight,9772
AT,2003-10-01,RoadFreight,10380
AT,2004-01-01,RoadFreight,10129
AT,2004-04-01,RoadFreight,10258
AT,2004-07-01,RoadFreight,9522
AT,2004-10-01,RoadFreight,9278
AT,2005-01-01,RoadFreight,9066
AT,2005-04-01,RoadFreight,9833
AT,2005-07-01,RoadFreight,9348
AT,2005-10-01,RoadFreight,8797
AT,2006-01-01,RoadFreight,9100
AT,2006-04-01,RoadFreight,10207
AT,2006-07-01,RoadFreight,10223
AT,2006-10-01,RoadFreight,9658
AT,2007-01-01,RoadFreight,9246
AT,2007-04-01,RoadFreight,9694
AT,2007-07-01,RoadFreight,9540
AT,2007-10-01,RoadFreight,8922
AT,2008-01-01,RoadFreight,8180
AT,2008-04-01,RoadFreight,9187
AT,2008-07-01,RoadFreight,8688
AT,2008-10-01,RoadFreight,8258
AT,2009-01-01,RoadFreight,7029
AT,2009-04-01,RoadFreight,7648
AT,2009-07-01,RoadFreight,7661
AT,2009-10-01,RoadFreight,6737
AT,2010-01-01,RoadFreight,7027
AT,2010-04-01,RoadFreight,7528
AT,2010-07-01,RoadFreight,7340
AT,2010-10-01,RoadFreight,6763
AT,2011-01-01,RoadFreight,6686
AT,2011-04-01,RoadFreight,7430
AT,2011-07-01,RoadFreight,7417
AT,2011-10-01,RoadFreight,7010
AT,2012-01-01,RoadFreight,6262
AT,2012-04-01,RoadFreight,7027
AT,2012-07-01,RoadFreight,6762
AT,2012-10-01,RoadFreight,6037
AT,2013-01-01,RoadFreight,5229
AT,2013-04-01,RoadFreight,6098
AT,2013-07-01,RoadFreight,6341
AT,2013-10-01,RoadFreight,6545
AT,2014-01-01,RoadFreight,5696
AT,2014-04-01,RoadFreight,6406
AT,2014-07-01,RoadFreight,6783
AT,2014-10-01,RoadFreight,6375
AT,2015-01-01,RoadFreight,5868
AT,2015-04-01,RoadFreight,6507
AT,2015-07-01,RoadFreight,6742
AT,2015-10-01,RoadFreight,6341
AT,2016-01-01,RoadFreight,6110
AT,2016-04-01,RoadFreight,6807
AT,2016-07-01,RoadFreight,6960
AT,2016-10-01,RoadFreight,6262
AT,2017-01-01,RoadFreight,6242
AT,2017-04-01,RoadFreight,6696
AT,2017-07-01,RoadFreight,6744
AT,2017-10-01,RoadFreight,6297
AT,2018-01-01,RoadFreight,6127
AT,2018-04-01,RoadFreight,6715
AT,2018-07-01,RoadFreight,6515
AT,2018-10-01,RoadFreight,6405
AT,2019-01-01,RoadFreight,6201
AT,2019-04-01,RoadFreight,6630
AT,2019-07-01,RoadFreight,6875
AT,2019-10-01,RoadFreight,6738
AT,2020-01-01,RoadFreight,6156
AT,2020-04-01,RoadFreight,6109
AT,2020-07-01,RoadFreight,6887
AT,2020-10-01,RoadFreight,6759
AT,2021-01-01,RoadFreight,6728
AT,2021-04-01,RoadFreight,7026
AT,2021-07-01,RoadFreight,7035
AT,2021-10-01,RoadFreight,6494
AT,2022-01-01,RoadFreight,6802
AT,2022-04-01,RoadFreight,6887
AT,2022-07-01,RoadFreight,6775
AT,2022-10-01,RoadFreight,6367
AT,2023-01-01,RoadFreight,6374
AT,2023-04-01,RoadFreight,6475
AT,2023-07-01,RoadFreight,6468
AT,2023-10-01,RoadFreight,6104
AT,1995-01-01,Slaughter,45.45
AT,1995-04-01,Slaughter,49.21
AT,1995-07-01,Slaughter,48.43
AT,1995-10-01,Slaughter,52.65
AT,1996-01-01,Slaughter,51.51
AT,1996-04-01,Slaughter,53.31
AT,1996-07-01,Slaughter,55.19
AT,1996-10-01,Slaughter,62.2
AT,1997-01-01,Slaughter,51.59
AT,1997-04-01,Slaughter,51.36
AT,1997-07-01,Slaughter,48.34
AT,1997-10-01,Slaughter,54.74
AT,1998-01-01,Slaughter,43.56
AT,1998-04-01,Slaughter,48.12
AT,1998-07-01,Slaughter,46.25
AT,1998-10-01,Slaughter,53.24
AT,1999-01-01,Slaughter,50.05
AT,1999-04-01,Slaughter,49.03
AT,1999-07-01,Slaughter,49.4
AT,1999-10-01,Slaughter,54.76
AT,2000-01-01,Slaughter,51.65
AT,2000-04-01,Slaughter,49.59
AT,2000-07-01,Slaughter,50.82
AT,2000-10-01,Slaughter,51.45
AT,2001-01-01,Slaughter,50.32
AT,2001-04-01,Slaughter,52.25
AT,2001-07-01,Slaughter,53.8
AT,2001-10-01,Slaughter,58.93
AT,2002-01-01,Slaughter,53.01
AT,2002-04-01,Slaughter,50.31
AT,2002-07-01,Slaughter,51.56
AT,2002-10-01,Slaughter,56.98
AT,2003-01-01,Slaughter,51.13
AT,2003-04-01,Slaughter,47.46
AT,2003-07-01,Slaughter,53
AT,2003-10-01,Slaughter,56.54
AT,2004-01-01,Slaughter,52.38
AT,2004-04-01,Slaughter,48.11
AT,2004-07-01,Slaughter,49.56
AT,2004-10-01,Slaughter,56.23
AT,2005-01-01,Slaughter,47.79
AT,2005-04-01,Slaughter,49.32
AT,2005-07-01,Slaughter,49.84
AT,2005-10-01,Slaughter,56.81
AT,2006-01-01,Slaughter,53.06
AT,2006-04-01,Slaughter,51.54
AT,2006-07-01,Slaughter,51.42
AT,2006-10-01,Slaughter,58.56
AT,2007-01-01,Slaughter,53.75
AT,2007-04-01,Slaughter,49.25
AT,2007-07-01,Slaughter,52.68
AT,2007-10-01,Slaughter,59.88
AT,2008-01-01,Slaughter,54.82
AT,2008-04-01,Slaughter,53.84
AT,2008-07-01,Slaughter,53.17
AT,2008-10-01,Slaughter,59.33
AT,2009-01-01,Slaughter,54.64
AT,2009-04-01,Slaughter,52.68
AT,2009-07-01,Slaughter,54.93
AT,2009-10-01,Slaughter,61.41
AT,2010-01-01,Slaughter,53.15
AT,2010-04-01,Slaughter,53.86
AT,2010-07-01,Slaughter,53.95
AT,2010-10-01,Slaughter,63.84
AT,2011-01-01,Slaughter,53.1
AT,2011-04-01,Slaughter,51.74
AT,2011-07-01,Slaughter,53.48
AT,2011-10-01,Slaughter,62.34
AT,2012-01-01,Slaughter,54.68
AT,2012-04-01,Slaughter,50.91
AT,2012-07-01,Slaughter,53.47
AT,2012-10-01,Slaughter,62.07
AT,2013-01-01,Slaughter,55.57
AT,2013-04-01,Slaughter,52.61
AT,2013-07-01,Slaughter,56.61
AT,2013-10-01,Slaughter,62.43
AT,2014-01-01,Slaughter,55.45
AT,2014-04-01,Slaughter,50.07
AT,2014-07-01,Slaughter,54.81
AT,2014-10-01,Slaughter,61.29
AT,2015-01-01,Slaughter,56.56
AT,2015-04-01,Slaughter,53.89
AT,2015-07-01,Slaughter,55.77
AT,2015-10-01,Slaughter,62.52
AT,2016-01-01,Slaughter,57.44
AT,2016-04-01,Slaughter,54.2
AT,2016-07-01,Slaughter,54.03
AT,2016-10-01,Slaughter,61.78
AT,2017-01-01,Slaughter,55.55
AT,2017-04-01,Slaughter,53.71
AT,2017-07-01,Slaughter,53.1
AT,2017-10-01,Slaughter,63.75
AT,2018-01-01,Slaughter,59.21
AT,2018-04-01,Slaughter,55.57
AT,2018-07-01,Slaughter,55.03
AT,2018-10-01,Slaughter,63.65
AT,2019-01-01,Slaughter,57.07
AT,2019-04-01,Slaughter,54.57
AT,2019-07-01,Slaughter,54.47
AT,2019-10-01,Slaughter,63.49
AT,2020-01-01,Slaughter,57.17
AT,2020-04-01,Slaughter,51.63
AT,2020-07-01,Slaughter,52.09
AT,2020-10-01,Slaughter,57.48
AT,2021-01-01,Slaughter,52.4
AT,2021-04-01,Slaughter,51.92
AT,2021-07-01,Slaughter,50.8
AT,2021-10-01,Slaughter,58.63
AT,2022-01-01,Slaughter,51.74
AT,2022-04-01,Slaughter,52.95
AT,2022-07-01,Slaughter,48.7
AT,2022-10-01,Slaughter,56.73
AT,2023-01-01,Slaughter,52.93
AT,2023-04-01,Slaughter,48.68
AT,2023-07-01,Slaughter,47.58
AT,2023-10-01,Slaughter,55.37
AT,2024-01-01,Slaughter,50.67
AT,1970-01-01,EmiCH4Livestock,55.98263935
AT,1970-04-01,EmiCH4Livestock,55.98263935
AT,1970-07-01,EmiCH4Livestock,55.98263935
AT,1970-10-01,EmiCH4Livestock,55.99159693
AT,1971-01-01,EmiCH4Livestock,56.91284606
AT,1971-04-01,EmiCH4Livestock,56.91284606
AT,1971-07-01,EmiCH4Livestock,56.91284606
AT,1971-10-01,EmiCH4Livestock,56.92195248
AT,1972-01-01,EmiCH4Livestock,56.55414237
AT,1972-04-01,EmiCH4Livestock,56.55414237
AT,1972-07-01,EmiCH4Livestock,56.55414237
AT,1972-10-01,EmiCH4Livestock,56.56319139
AT,1973-01-01,EmiCH4Livestock,57.13833743
AT,1973-04-01,EmiCH4Livestock,57.13833743
AT,1973-07-01,EmiCH4Livestock,57.13833743
AT,1973-10-01,EmiCH4Livestock,57.14747993
AT,1974-01-01,EmiCH4Livestock,58.73171291
AT,1974-04-01,EmiCH4Livestock,58.73171291
AT,1974-07-01,EmiCH4Livestock,58.73171291
AT,1974-10-01,EmiCH4Livestock,58.74111036
AT,1975-01-01,EmiCH4Livestock,58.61202499
AT,1975-04-01,EmiCH4Livestock,58.61202499
AT,1975-07-01,EmiCH4Livestock,58.61202499
AT,1975-10-01,EmiCH4Livestock,58.62140329
AT,1976-01-01,EmiCH4Livestock,58.08754829
AT,1976-04-01,EmiCH4Livestock,58.08754829
AT,1976-07-01,EmiCH4Livestock,58.08754829
AT,1976-10-01,EmiCH4Livestock,58.09684267
AT,1977-01-01,EmiCH4Livestock,58.77788919
AT,1977-04-01,EmiCH4Livestock,58.77788919
AT,1977-07-01,EmiCH4Livestock,58.77788919
AT,1977-10-01,EmiCH4Livestock,58.78729403
AT,1978-01-01,EmiCH4Livestock,59.29330106
AT,1978-04-01,EmiCH4Livestock,59.29330106
AT,1978-07-01,EmiCH4Livestock,59.29330106
AT,1978-10-01,EmiCH4Livestock,59.30278837
AT,1979-01-01,EmiCH4Livestock,60.60739582
AT,1979-04-01,EmiCH4Livestock,60.60739582
AT,1979-07-01,EmiCH4Livestock,60.60739582
AT,1979-10-01,EmiCH4Livestock,60.61709339
AT,1980-01-01,EmiCH4Livestock,60.24379942
AT,1980-04-01,EmiCH4Livestock,60.24379942
AT,1980-07-01,EmiCH4Livestock,60.24379942
AT,1980-10-01,EmiCH4Livestock,60.25343881
AT,1981-01-01,EmiCH4Livestock,59.34314315
AT,1981-04-01,EmiCH4Livestock,59.34314315
AT,1981-07-01,EmiCH4Livestock,59.34314315
AT,1981-10-01,EmiCH4Livestock,59.35263843
AT,1982-01-01,EmiCH4Livestock,60.30428016
AT,1982-04-01,EmiCH4Livestock,60.30428016
AT,1982-07-01,EmiCH4Livestock,60.30428016
AT,1982-10-01,EmiCH4Livestock,60.31392923
AT,1983-01-01,EmiCH4Livestock,60.64051778
AT,1983-04-01,EmiCH4Livestock,60.64051778
AT,1983-07-01,EmiCH4Livestock,60.64051778
AT,1983-10-01,EmiCH4Livestock,60.65022066
AT,1984-01-01,EmiCH4Livestock,61.92358462
AT,1984-04-01,EmiCH4Livestock,61.92358462
AT,1984-07-01,EmiCH4Livestock,61.92358462
AT,1984-10-01,EmiCH4Livestock,61.93349279
AT,1985-01-01,EmiCH4Livestock,62.68299323
AT,1985-04-01,EmiCH4Livestock,62.68299323
AT,1985-07-01,EmiCH4Livestock,62.68299323
AT,1985-10-01,EmiCH4Livestock,62.69302292
AT,1986-01-01,EmiCH4Livestock,62.14051046
AT,1986-04-01,EmiCH4Livestock,62.14051046
AT,1986-07-01,EmiCH4Livestock,62.14051046
AT,1986-10-01,EmiCH4Livestock,62.15045334
AT,1987-01-01,EmiCH4Livestock,61.50829326
AT,1987-04-01,EmiCH4Livestock,61.50829326
AT,1987-07-01,EmiCH4Livestock,61.50829326
AT,1987-10-01,EmiCH4Livestock,61.51813499
AT,1988-01-01,EmiCH4Livestock,60.09382744
AT,1988-04-01,EmiCH4Livestock,60.09382744
AT,1988-07-01,EmiCH4Livestock,60.09382744
AT,1988-10-01,EmiCH4Livestock,60.10344284
AT,1989-01-01,EmiCH4Livestock,58.87107544
AT,1989-04-01,EmiCH4Livestock,58.87107544
AT,1989-07-01,EmiCH4Livestock,58.87107544
AT,1989-10-01,EmiCH4Livestock,58.88049519
AT,1990-01-01,EmiCH4Livestock,59.100864
AT,1990-04-01,EmiCH4Livestock,59.100864
AT,1990-07-01,EmiCH4Livestock,59.100864
AT,1990-10-01,EmiCH4Livestock,59.11032051
AT,1991-01-01,EmiCH4Livestock,59.28021978
AT,1991-04-01,EmiCH4Livestock,59.28021978
AT,1991-07-01,EmiCH4Livestock,59.28021978
AT,1991-10-01,EmiCH4Livestock,59.28970499
AT,1992-01-01,EmiCH4Livestock,58.55189583
AT,1992-04-01,EmiCH4Livestock,58.55189583
AT,1992-07-01,EmiCH4Livestock,58.55189583
AT,1992-10-01,EmiCH4Livestock,58.5612645
AT,1993-01-01,EmiCH4Livestock,56.71538635
AT,1993-04-01,EmiCH4Livestock,56.71538635
AT,1993-07-01,EmiCH4Livestock,56.71538635
AT,1993-10-01,EmiCH4Livestock,56.72446117
AT,1994-01-01,EmiCH4Livestock,56.16854525
AT,1994-04-01,EmiCH4Livestock,56.16854525
AT,1994-07-01,EmiCH4Livestock,56.16854525
AT,1994-10-01,EmiCH4Livestock,56.17753258
AT,1995-01-01,EmiCH4Livestock,54.07526816
AT,1995-04-01,EmiCH4Livestock,54.07526816
AT,1995-07-01,EmiCH4Livestock,54.07526816
AT,1995-10-01,EmiCH4Livestock,54.08392054
AT,1996-01-01,EmiCH4Livestock,54.14666406
AT,1996-04-01,EmiCH4Livestock,54.14666406
AT,1996-07-01,EmiCH4Livestock,54.14666406
AT,1996-10-01,EmiCH4Livestock,54.15532787
AT,1997-01-01,EmiCH4Livestock,53.43345592
AT,1997-04-01,EmiCH4Livestock,53.43345592
AT,1997-07-01,EmiCH4Livestock,53.43345592
AT,1997-10-01,EmiCH4Livestock,53.44200562
AT,1998-01-01,EmiCH4Livestock,52.24491804
AT,1998-04-01,EmiCH4Livestock,52.24491804
AT,1998-07-01,EmiCH4Livestock,52.24491804
AT,1998-10-01,EmiCH4Livestock,52.25327756
AT,1999-01-01,EmiCH4Livestock,52.22804118
AT,1999-04-01,EmiCH4Livestock,52.22804118
AT,1999-07-01,EmiCH4Livestock,52.22804118
AT,1999-10-01,EmiCH4Livestock,52.236398
AT,2000-01-01,EmiCH4Livestock,51.6092272
AT,2000-04-01,EmiCH4Livestock,51.6092272
AT,2000-07-01,EmiCH4Livestock,51.6092272
AT,2000-10-01,EmiCH4Livestock,51.61748501
AT,2001-01-01,EmiCH4Livestock,51.66193857
AT,2001-04-01,EmiCH4Livestock,51.66193857
AT,2001-07-01,EmiCH4Livestock,51.66193857
AT,2001-10-01,EmiCH4Livestock,51.67020481
AT,2002-01-01,EmiCH4Livestock,51.25533562
AT,2002-04-01,EmiCH4Livestock,51.25533562
AT,2002-07-01,EmiCH4Livestock,51.25533562
AT,2002-10-01,EmiCH4Livestock,51.2635368
AT,2003-01-01,EmiCH4Livestock,49.89361834
AT,2003-04-01,EmiCH4Livestock,49.89361834
AT,2003-07-01,EmiCH4Livestock,49.89361834
AT,2003-10-01,EmiCH4Livestock,49.90160163
AT,2004-01-01,EmiCH4Livestock,49.24752629
AT,2004-04-01,EmiCH4Livestock,49.24752629
AT,2004-07-01,EmiCH4Livestock,49.24752629
AT,2004-10-01,EmiCH4Livestock,49.2554062
AT,2005-01-01,EmiCH4Livestock,48.20221632
AT,2005-04-01,EmiCH4Livestock,48.20221632
AT,2005-07-01,EmiCH4Livestock,48.20221632
AT,2005-10-01,EmiCH4Livestock,48.20992899
AT,2006-01-01,EmiCH4Livestock,48.38487881
AT,2006-04-01,EmiCH4Livestock,48.38487881
AT,2006-07-01,EmiCH4Livestock,48.38487881
AT,2006-10-01,EmiCH4Livestock,48.3926207
AT,2007-01-01,EmiCH4Livestock,48.16143648
AT,2007-04-01,EmiCH4Livestock,48.16143648
AT,2007-07-01,EmiCH4Livestock,48.16143648
AT,2007-10-01,EmiCH4Livestock,48.16914262
AT,2008-01-01,EmiCH4Livestock,48.6097429
AT,2008-04-01,EmiCH4Livestock,48.6097429
AT,2008-07-01,EmiCH4Livestock,48.6097429
AT,2008-10-01,EmiCH4Livestock,48.61752077
AT,2009-01-01,EmiCH4Livestock,48.48073383
AT,2009-04-01,EmiCH4Livestock,48.48073383
AT,2009-07-01,EmiCH4Livestock,48.48073383
AT,2009-10-01,EmiCH4Livestock,48.48849105
AT,2010-01-01,EmiCH4Livestock,49.49740179
AT,2010-04-01,EmiCH4Livestock,49.49740179
AT,2010-07-01,EmiCH4Livestock,49.49740179
AT,2010-10-01,EmiCH4Livestock,49.50532169
AT,2011-01-01,EmiCH4Livestock,49.57939279
AT,2011-04-01,EmiCH4Livestock,49.57939279
AT,2011-07-01,EmiCH4Livestock,49.57939279
AT,2011-10-01,EmiCH4Livestock,49.58732581
AT,2012-01-01,EmiCH4Livestock,48.83803412
AT,2012-04-01,EmiCH4Livestock,48.83803412
AT,2012-07-01,EmiCH4Livestock,48.83803412
AT,2012-10-01,EmiCH4Livestock,48.84584852
AT,2013-01-01,EmiCH4Livestock,48.65949227
AT,2013-04-01,EmiCH4Livestock,48.65949227
AT,2013-07-01,EmiCH4Livestock,48.65949227
AT,2013-10-01,EmiCH4Livestock,48.6672781
AT,2014-01-01,EmiCH4Livestock,48.76905091
AT,2014-04-01,EmiCH4Livestock,48.76905091
AT,2014-07-01,EmiCH4Livestock,48.76905091
AT,2014-10-01,EmiCH4Livestock,48.77685428
AT,2015-01-01,EmiCH4Livestock,48.92939737
AT,2015-04-01,EmiCH4Livestock,48.92939737
AT,2015-07-01,EmiCH4Livestock,48.92939737
AT,2015-10-01,EmiCH4Livestock,48.93722639
AT,2016-01-01,EmiCH4Livestock,48.84764101
AT,2016-04-01,EmiCH4Livestock,48.84764101
AT,2016-07-01,EmiCH4Livestock,48.84764101
AT,2016-10-01,EmiCH4Livestock,48.85545695
AT,2017-01-01,EmiCH4Livestock,48.8287313
AT,2017-04-01,EmiCH4Livestock,48.8287313
AT,2017-07-01,EmiCH4Livestock,48.8287313
AT,2017-10-01,EmiCH4Livestock,48.83654421
AT,2018-01-01,EmiCH4Livestock,48.06413825
AT,2018-04-01,EmiCH4Livestock,48.06413825
AT,2018-07-01,EmiCH4Livestock,48.06413825
AT,2018-10-01,EmiCH4Livestock,48.07182882
AT,2019-01-01,EmiCH4Livestock,47.37577165
AT,2019-04-01,EmiCH4Livestock,47.37577165
AT,2019-07-01,EmiCH4Livestock,47.37577165
AT,2019-10-01,EmiCH4Livestock,47.38335208
AT,2020-01-01,EmiCH4Livestock,47.04188055
AT,2020-04-01,EmiCH4Livestock,47.04188055
AT,2020-07-01,EmiCH4Livestock,47.04188055
AT,2020-10-01,EmiCH4Livestock,47.04940755
AT,2021-01-01,EmiCH4Livestock,46.66440718
AT,2021-04-01,EmiCH4Livestock,46.66440718
AT,2021-07-01,EmiCH4Livestock,46.66440718
AT,2021-10-01,EmiCH4Livestock,46.67187379
AT,2022-01-01,EmiCH4Livestock,46.29244366
AT,2022-04-01,EmiCH4Livestock,46.29244366
AT,2022-07-01,EmiCH4Livestock,46.29244366
AT,2022-10-01,EmiCH4Livestock,46.29985074
AT,1970-01-01,EmiCO2Industry,1333.223196
AT,1970-04-01,EmiCO2Industry,1174.664311
AT,1970-07-01,EmiCO2Industry,987.5066738
AT,1970-10-01,EmiCO2Industry,1233.315034
AT,1971-01-01,EmiCO2Industry,1413.295198
AT,1971-04-01,EmiCO2Industry,1245.026379
AT,1971-07-01,EmiCO2Industry,1045.838631
AT,1971-10-01,EmiCO2Industry,1306.82676
AT,1972-01-01,EmiCO2Industry,1587.900099
AT,1972-04-01,EmiCO2Industry,1397.927954
AT,1972-07-01,EmiCO2Industry,1172.947742
AT,1972-10-01,EmiCO2Industry,1467.407941
AT,1973-01-01,EmiCO2Industry,1593.967869
AT,1973-04-01,EmiCO2Industry,1401.875176
AT,1973-07-01,EmiCO2Industry,1175.805179
AT,1973-10-01,EmiCO2Industry,1472.753626
AT,1974-01-01,EmiCO2Industry,1664.621089
AT,1974-04-01,EmiCO2Industry,1465.635901
AT,1974-07-01,EmiCO2Industry,1228.731449
AT,1974-10-01,EmiCO2Industry,1537.642247
AT,1975-01-01,EmiCO2Industry,1485.660861
AT,1975-04-01,EmiCO2Industry,1308.408078
AT,1975-07-01,EmiCO2Industry,1097.377175
AT,1975-10-01,EmiCO2Industry,1372.637565
AT,1976-01-01,EmiCO2Industry,1704.164689
AT,1976-04-01,EmiCO2Industry,1500.076377
AT,1976-07-01,EmiCO2Industry,1257.294621
AT,1976-10-01,EmiCO2Industry,1574.078014
AT,1977-01-01,EmiCO2Industry,1713.884173
AT,1977-04-01,EmiCO2Industry,1508.973675
AT,1977-07-01,EmiCO2Industry,1264.922179
AT,1977-10-01,EmiCO2Industry,1583.152088
AT,1978-01-01,EmiCO2Industry,1692.758327
AT,1978-04-01,EmiCO2Industry,1490.661379
AT,1978-07-01,EmiCO2Industry,1249.865685
AT,1978-10-01,EmiCO2Industry,1563.838294
AT,1979-01-01,EmiCO2Industry,1723.474803
AT,1979-04-01,EmiCO2Industry,1517.692769
AT,1979-07-01,EmiCO2Industry,1272.595345
AT,1979-10-01,EmiCO2Industry,1592.305106
AT,1980-01-01,EmiCO2Industry,1666.213376
AT,1980-04-01,EmiCO2Industry,1468.267264
AT,1980-07-01,EmiCO2Industry,1231.648439
AT,1980-10-01,EmiCO2Industry,1539.697372
AT,1981-01-01,EmiCO2Industry,1638.970223
AT,1981-04-01,EmiCO2Industry,1444.154615
AT,1981-07-01,EmiCO2Industry,1211.294066
AT,1981-10-01,EmiCO2Industry,1514.445682
AT,1982-01-01,EmiCO2Industry,1559.935028
AT,1982-04-01,EmiCO2Industry,1374.43531
AT,1982-07-01,EmiCO2Industry,1152.921626
AT,1982-10-01,EmiCO2Industry,1441.484891
AT,1983-01-01,EmiCO2Industry,1620.436124
AT,1983-04-01,EmiCO2Industry,1425.016519
AT,1983-07-01,EmiCO2Industry,1194.672094
AT,1983-10-01,EmiCO2Industry,1497.00576
AT,1984-01-01,EmiCO2Industry,1673.585165
AT,1984-04-01,EmiCO2Industry,1472.197863
AT,1984-07-01,EmiCO2Industry,1233.793057
AT,1984-10-01,EmiCO2Industry,1545.825961
AT,1985-01-01,EmiCO2Industry,1602.19189
AT,1985-04-01,EmiCO2Industry,1411.104932
AT,1985-07-01,EmiCO2Industry,1182.729881
AT,1985-10-01,EmiCO2Industry,1479.944325
AT,1986-01-01,EmiCO2Industry,1554.957683
AT,1986-04-01,EmiCO2Industry,1369.212979
AT,1986-07-01,EmiCO2Industry,1147.874456
AT,1986-10-01,EmiCO2Industry,1436.46375
AT,1987-01-01,EmiCO2Industry,1557.182844
AT,1987-04-01,EmiCO2Industry,1370.831611
AT,1987-07-01,EmiCO2Industry,1149.299489
AT,1987-10-01,EmiCO2Industry,1438.576132
AT,1988-01-01,EmiCO2Industry,1655.661827
AT,1988-04-01,EmiCO2Industry,1458.306248
AT,1988-07-01,EmiCO2Industry,1222.354908
AT,1988-10-01,EmiCO2Industry,1529.343785
AT,1989-01-01,EmiCO2Industry,1647.379512
AT,1989-04-01,EmiCO2Industry,1452.24452
AT,1989-07-01,EmiCO2Industry,1217.463653
AT,1989-10-01,EmiCO2Industry,1521.78476
AT,1990-01-01,EmiCO2Industry,1350.904253
AT,1990-04-01,EmiCO2Industry,1192.499593
AT,1990-07-01,EmiCO2Industry,1002.09115
AT,1990-10-01,EmiCO2Industry,1249.467329
AT,1991-01-01,EmiCO2Industry,1313.689018
AT,1991-04-01,EmiCO2Industry,1159.892054
AT,1991-07-01,EmiCO2Industry,974.5968051
AT,1991-10-01,EmiCO2Industry,1214.966068
AT,1992-01-01,EmiCO2Industry,1292.367714
AT,1992-04-01,EmiCO2Industry,1140.782622
AT,1992-07-01,EmiCO2Industry,957.9566649
AT,1992-10-01,EmiCO2Industry,1194.829834
AT,1993-01-01,EmiCO2Industry,1252.835009
AT,1993-04-01,EmiCO2Industry,1106.756305
AT,1993-07-01,EmiCO2Industry,929.6403777
AT,1993-10-01,EmiCO2Industry,1158.433028
AT,1994-01-01,EmiCO2Industry,1286.699736
AT,1994-04-01,EmiCO2Industry,1136.65582
AT,1994-07-01,EmiCO2Industry,954.6454203
AT,1994-10-01,EmiCO2Industry,1189.6774
AT,1995-01-01,EmiCO2Industry,1177.817068
AT,1995-04-01,EmiCO2Industry,1041.524453
AT,1995-07-01,EmiCO2Industry,875.6321617
AT,1995-10-01,EmiCO2Industry,1089.628464
AT,1996-01-01,EmiCO2Industry,1199.762633
AT,1996-04-01,EmiCO2Industry,1060.190587
AT,1996-07-01,EmiCO2Industry,891.0250843
AT,1996-10-01,EmiCO2Industry,1109.750597
AT,1997-01-01,EmiCO2Industry,1256.404545
AT,1997-04-01,EmiCO2Industry,1110.460279
AT,1997-07-01,EmiCO2Industry,933.4072419
AT,1997-10-01,EmiCO2Industry,1162.236312
AT,1998-01-01,EmiCO2Industry,1226.014332
AT,1998-04-01,EmiCO2Industry,1083.055926
AT,1998-07-01,EmiCO2Industry,909.927455
AT,1998-10-01,EmiCO2Industry,1133.849199
AT,1999-01-01,EmiCO2Industry,1227.742788
AT,1999-04-01,EmiCO2Industry,1084.158286
AT,1999-07-01,EmiCO2Industry,910.451657
AT,1999-10-01,EmiCO2Industry,1135.181123
AT,2000-01-01,EmiCO2Industry,1278.559593
AT,2000-04-01,EmiCO2Industry,1129.308805
AT,2000-07-01,EmiCO2Industry,948.6295954
AT,2000-10-01,EmiCO2Industry,1182.341916
AT,2001-01-01,EmiCO2Industry,1359.574293
AT,2001-04-01,EmiCO2Industry,1201.64852
AT,2001-07-01,EmiCO2Industry,1009.906524
AT,2001-10-01,EmiCO2Industry,1257.570928
AT,2002-01-01,EmiCO2Industry,1370.441227
AT,2002-04-01,EmiCO2Industry,1211.914803
AT,2002-07-01,EmiCO2Industry,1018.667569
AT,2002-10-01,EmiCO2Industry,1267.704381
AT,2003-01-01,EmiCO2Industry,1378.555523
AT,2003-04-01,EmiCO2Industry,1219.308209
AT,2003-07-01,EmiCO2Industry,1025.123891
AT,2003-10-01,EmiCO2Industry,1275.361789
AT,2004-01-01,EmiCO2Industry,1396.51258
AT,2004-04-01,EmiCO2Industry,1234.483951
AT,2004-07-01,EmiCO2Industry,1036.964239
AT,2004-10-01,EmiCO2Industry,1291.379816
AT,2005-01-01,EmiCO2Industry,1414.368731
AT,2005-04-01,EmiCO2Industry,1250.667197
AT,2005-07-01,EmiCO2Industry,1050.948728
AT,2005-10-01,EmiCO2Industry,1308.157501
AT,2006-01-01,EmiCO2Industry,1456.207063
AT,2006-04-01,EmiCO2Industry,1289.118285
AT,2006-07-01,EmiCO2Industry,1084.352702
AT,2006-10-01,EmiCO2Industry,1347.542354
AT,2007-01-01,EmiCO2Industry,1523.749863
AT,2007-04-01,EmiCO2Industry,1348.095083
AT,2007-07-01,EmiCO2Industry,1133.169155
AT,2007-10-01,EmiCO2Industry,1409.520716
AT,2008-01-01,EmiCO2Industry,1565.27101
AT,2008-04-01,EmiCO2Industry,1383.876768
AT,2008-07-01,EmiCO2Industry,1162.318984
AT,2008-10-01,EmiCO2Industry,1447.353247
AT,2009-01-01,EmiCO2Industry,1343.973518
AT,2009-04-01,EmiCO2Industry,1187.304684
AT,2009-07-01,EmiCO2Industry,996.6772514
AT,2009-10-01,EmiCO2Industry,1242.314374
AT,2010-01-01,EmiCO2Industry,1360.172901
AT,2010-04-01,EmiCO2Industry,1201.722994
AT,2010-07-01,EmiCO2Industry,1008.887091
AT,2010-10-01,EmiCO2Industry,1257.428307
AT,2011-01-01,EmiCO2Industry,1404.247911
AT,2011-04-01,EmiCO2Industry,1241.290807
AT,2011-07-01,EmiCO2Industry,1042.514654
AT,2011-10-01,EmiCO2Industry,1298.431463
AT,2012-01-01,EmiCO2Industry,1410.204789
AT,2012-04-01,EmiCO2Industry,1247.209024
AT,2012-07-01,EmiCO2Industry,1047.818729
AT,2012-10-01,EmiCO2Industry,1304.145563
AT,2013-01-01,EmiCO2Industry,1423.432298
AT,2013-04-01,EmiCO2Industry,1258.892745
AT,2013-07-01,EmiCO2Industry,1057.441768
AT,2013-10-01,EmiCO2Industry,1316.264825
AT,2014-01-01,EmiCO2Industry,1423.537308
AT,2014-04-01,EmiCO2Industry,1259.287503
AT,2014-07-01,EmiCO2Industry,1057.769367
AT,2014-10-01,EmiCO2Industry,1316.349669
AT,2015-01-01,EmiCO2Industry,1492.478202
AT,2015-04-01,EmiCO2Industry,1320.178841
AT,2015-07-01,EmiCO2Industry,1108.711286
AT,2015-10-01,EmiCO2Industry,1379.973396
AT,2016-01-01,EmiCO2Industry,1488.60434
AT,2016-04-01,EmiCO2Industry,1316.977997
AT,2016-07-01,EmiCO2Industry,1106.296843
AT,2016-10-01,EmiCO2Industry,1376.569777
AT,2017-01-01,EmiCO2Industry,1531.019495
AT,2017-04-01,EmiCO2Industry,1355.149506
AT,2017-07-01,EmiCO2Industry,1138.903435
AT,2017-10-01,EmiCO2Industry,1416.158861
AT,2018-01-01,EmiCO2Industry,1452.666885
AT,2018-04-01,EmiCO2Industry,1285.518796
AT,2018-07-01,EmiCO2Industry,1080.136769
AT,2018-10-01,EmiCO2Industry,1343.448729
AT,2019-01-01,EmiCO2Industry,1539.957317
AT,2019-04-01,EmiCO2Industry,1362.828218
AT,2019-07-01,EmiCO2Industry,1144.985374
AT,2019-10-01,EmiCO2Industry,1424.162355
AT,2020-01-01,EmiCO2Industry,1410.551
AT,2020-04-01,EmiCO2Industry,1248.071745
AT,2020-07-01,EmiCO2Industry,1048.527543
AT,2020-10-01,EmiCO2Industry,1304.403156
AT,2021-01-01,EmiCO2Industry,1483.213147
AT,2021-04-01,EmiCO2Industry,1312.166821
AT,2021-07-01,EmiCO2Industry,1102.130022
AT,2021-10-01,EmiCO2Industry,1371.462294
AT,2022-01-01,EmiCO2Industry,1418.941391
AT,2022-04-01,EmiCO2Industry,1254.6335
AT,2022-07-01,EmiCO2Industry,1053.302073
AT,2022-10-01,EmiCO2Industry,1311.691237
AT,1970-01-01,EmiCO2Combustion,14175.59769
AT,1970-04-01,EmiCO2Combustion,9836.554932
AT,1970-07-01,EmiCO2Combustion,9069.488477
AT,1970-10-01,EmiCO2Combustion,13345.26198
AT,1971-01-01,EmiCO2Combustion,14846.87791
AT,1971-04-01,EmiCO2Combustion,10369.30119
AT,1971-07-01,EmiCO2Combustion,9619.363077
AT,1971-10-01,EmiCO2Combustion,13851.76665
AT,1972-01-01,EmiCO2Combustion,15294.96307
AT,1972-04-01,EmiCO2Combustion,10833.38549
AT,1972-07-01,EmiCO2Combustion,10058.13563
AT,1972-10-01,EmiCO2Combustion,14301.38738
AT,1973-01-01,EmiCO2Combustion,16431.23852
AT,1973-04-01,EmiCO2Combustion,11430.6167
AT,1973-07-01,EmiCO2Combustion,10614.43343
AT,1973-10-01,EmiCO2Combustion,15382.76684
AT,1974-01-01,EmiCO2Combustion,15539.10212
AT,1974-04-01,EmiCO2Combustion,10890.80299
AT,1974-07-01,EmiCO2Combustion,10056.66752
AT,1974-10-01,EmiCO2Combustion,14550.72301
AT,1975-01-01,EmiCO2Combustion,15128.46716
AT,1975-04-01,EmiCO2Combustion,10477.25754
AT,1975-07-01,EmiCO2Combustion,9723.015439
AT,1975-10-01,EmiCO2Combustion,14183.26196
AT,1976-01-01,EmiCO2Combustion,16583.93577
AT,1976-04-01,EmiCO2Combustion,11406.05535
AT,1976-07-01,EmiCO2Combustion,10618.84607
AT,1976-10-01,EmiCO2Combustion,15434.54517
AT,1977-01-01,EmiCO2Combustion,15565.50691
AT,1977-04-01,EmiCO2Combustion,10995.63191
AT,1977-07-01,EmiCO2Combustion,10215.54952
AT,1977-10-01,EmiCO2Combustion,14627.22084
AT,1978-01-01,EmiCO2Combustion,16267.65907
AT,1978-04-01,EmiCO2Combustion,11449.00842
AT,1978-07-01,EmiCO2Combustion,10655.59443
AT,1978-10-01,EmiCO2Combustion,15293.72329
AT,1979-01-01,EmiCO2Combustion,16916.81155
AT,1979-04-01,EmiCO2Combustion,11932.80581
AT,1979-07-01,EmiCO2Combustion,11123.37128
AT,1979-10-01,EmiCO2Combustion,15943.15602
AT,1980-01-01,EmiCO2Combustion,16584.07849
AT,1980-04-01,EmiCO2Combustion,11427.97559
AT,1980-07-01,EmiCO2Combustion,10654.6019
AT,1980-10-01,EmiCO2Combustion,15688.62319
AT,1981-01-01,EmiCO2Combustion,17298.15931
AT,1981-04-01,EmiCO2Combustion,10444.94205
AT,1981-07-01,EmiCO2Combustion,8816.263716
AT,1981-10-01,EmiCO2Combustion,14995.18543
AT,1982-01-01,EmiCO2Combustion,16722.49169
AT,1982-04-01,EmiCO2Combustion,10660.75717
AT,1982-07-01,EmiCO2Combustion,8226.905567
AT,1982-10-01,EmiCO2Combustion,14167.5589
AT,1983-01-01,EmiCO2Combustion,16084.3877
AT,1983-04-01,EmiCO2Combustion,10204.27134
AT,1983-07-01,EmiCO2Combustion,8442.215331
AT,1983-10-01,EmiCO2Combustion,14669.24164
AT,1984-01-01,EmiCO2Combustion,16550.67476
AT,1984-04-01,EmiCO2Combustion,11063.286
AT,1984-07-01,EmiCO2Combustion,9188.82572
AT,1984-10-01,EmiCO2Combustion,14167.43161
AT,1985-01-01,EmiCO2Combustion,17799.86679
AT,1985-04-01,EmiCO2Combustion,10903.65852
AT,1985-07-01,EmiCO2Combustion,8841.382877
AT,1985-10-01,EmiCO2Combustion,15104.11086
AT,1986-01-01,EmiCO2Combustion,17369.83759
AT,1986-04-01,EmiCO2Combustion,10399.49145
AT,1986-07-01,EmiCO2Combustion,8964.143237
AT,1986-10-01,EmiCO2Combustion,14907.5195
AT,1987-01-01,EmiCO2Combustion,17615.86683
AT,1987-04-01,EmiCO2Combustion,11256.55547
AT,1987-07-01,EmiCO2Combustion,8963.481544
AT,1987-10-01,EmiCO2Combustion,14551.64451
AT,1988-01-01,EmiCO2Combustion,16086.64267
AT,1988-04-01,EmiCO2Combustion,10676.00726
AT,1988-07-01,EmiCO2Combustion,9024.327212
AT,1988-10-01,EmiCO2Combustion,14553.37148
AT,1989-01-01,EmiCO2Combustion,15663.4823
AT,1989-04-01,EmiCO2Combustion,10873.95587
AT,1989-07-01,EmiCO2Combustion,9142.380472
AT,1989-10-01,EmiCO2Combustion,14716.53562
AT,1990-01-01,EmiCO2Combustion,17511.70543
AT,1990-04-01,EmiCO2Combustion,11972.9281
AT,1990-07-01,EmiCO2Combustion,10495.45418
AT,1990-10-01,EmiCO2Combustion,16262.59219
AT,1991-01-01,EmiCO2Combustion,19210.15482
AT,1991-04-01,EmiCO2Combustion,13062.91313
AT,1991-07-01,EmiCO2Combustion,10683.94285
AT,1991-10-01,EmiCO2Combustion,17461.21594
AT,1992-01-01,EmiCO2Combustion,17610.44933
AT,1992-04-01,EmiCO2Combustion,11737.3788
AT,1992-07-01,EmiCO2Combustion,10056.74802
AT,1992-10-01,EmiCO2Combustion,16158.41616
AT,1993-01-01,EmiCO2Combustion,17736.56185
AT,1993-04-01,EmiCO2Combustion,11570.37559
AT,1993-07-01,EmiCO2Combustion,10479.95579
AT,1993-10-01,EmiCO2Combustion,15985.0608
AT,1994-01-01,EmiCO2Combustion,17780.35591
AT,1994-04-01,EmiCO2Combustion,12046.03246
AT,1994-07-01,EmiCO2Combustion,10234.32326
AT,1994-10-01,EmiCO2Combustion,16125.46473
AT,1995-01-01,EmiCO2Combustion,18564.24675
AT,1995-04-01,EmiCO2Combustion,12909.36977
AT,1995-07-01,EmiCO2Combustion,11360.61568
AT,1995-10-01,EmiCO2Combustion,16721.12979
AT,1996-01-01,EmiCO2Combustion,20347.17595
AT,1996-04-01,EmiCO2Combustion,13114.85592
AT,1996-07-01,EmiCO2Combustion,12145.35958
AT,1996-10-01,EmiCO2Combustion,17661.53368
AT,1997-01-01,EmiCO2Combustion,19653.48173
AT,1997-04-01,EmiCO2Combustion,13426.88363
AT,1997-07-01,EmiCO2Combustion,11571.89193
AT,1997-10-01,EmiCO2Combustion,17810.87912
AT,1998-01-01,EmiCO2Combustion,19628.53989
AT,1998-04-01,EmiCO2Combustion,13179.80843
AT,1998-07-01,EmiCO2Combustion,11815.5916
AT,1998-10-01,EmiCO2Combustion,18450.14533
AT,1999-01-01,EmiCO2Combustion,19380.79055
AT,1999-04-01,EmiCO2Combustion,13036.78628
AT,1999-07-01,EmiCO2Combustion,11301.47418
AT,1999-10-01,EmiCO2Combustion,17729.04556
AT,2000-01-01,EmiCO2Combustion,19807.71103
AT,2000-04-01,EmiCO2Combustion,12830.3497
AT,2000-07-01,EmiCO2Combustion,11785.24479
AT,2000-10-01,EmiCO2Combustion,17403.27673
AT,2001-01-01,EmiCO2Combustion,19833.75598
AT,2001-04-01,EmiCO2Combustion,14247.2314
AT,2001-07-01,EmiCO2Combustion,12607.41477
AT,2001-10-01,EmiCO2Combustion,19506.02947
AT,2002-01-01,EmiCO2Combustion,20313.94223
AT,2002-04-01,EmiCO2Combustion,14818.25535
AT,2002-07-01,EmiCO2Combustion,13341.76269
AT,2002-10-01,EmiCO2Combustion,19164.25847
AT,2003-01-01,EmiCO2Combustion,22276.1005
AT,2003-04-01,EmiCO2Combustion,15417.42241
AT,2003-07-01,EmiCO2Combustion,14309.01277
AT,2003-10-01,EmiCO2Combustion,20711.36636
AT,2004-01-01,EmiCO2Combustion,22513.22333
AT,2004-04-01,EmiCO2Combustion,16535.27403
AT,2004-07-01,EmiCO2Combustion,14461.4355
AT,2004-10-01,EmiCO2Combustion,20502.20407
AT,2005-01-01,EmiCO2Combustion,22569.58418
AT,2005-04-01,EmiCO2Combustion,16306.9083
AT,2005-07-01,EmiCO2Combustion,14700.75498
AT,2005-10-01,EmiCO2Combustion,20868.19497
AT,2006-01-01,EmiCO2Combustion,22899.45519
AT,2006-04-01,EmiCO2Combustion,15471.34685
AT,2006-07-01,EmiCO2Combustion,14160.37153
AT,2006-10-01,EmiCO2Combustion,19619.21847
AT,2007-01-01,EmiCO2Combustion,19790.13048
AT,2007-04-01,EmiCO2Combustion,15026.22678
AT,2007-07-01,EmiCO2Combustion,14338.2708
AT,2007-10-01,EmiCO2Combustion,19962.3698
AT,2008-01-01,EmiCO2Combustion,20236.04615
AT,2008-04-01,EmiCO2Combustion,15012.32375
AT,2008-07-01,EmiCO2Combustion,14123.82201
AT,2008-10-01,EmiCO2Combustion,19229.52291
AT,2009-01-01,EmiCO2Combustion,18866.14943
AT,2009-04-01,EmiCO2Combustion,13496.28549
AT,2009-07-01,EmiCO2Combustion,12318.49257
AT,2009-10-01,EmiCO2Combustion,17940.72995
AT,2010-01-01,EmiCO2Combustion,20023.98045
AT,2010-04-01,EmiCO2Combustion,15145.38877
AT,2010-07-01,EmiCO2Combustion,13840.82793
AT,2010-10-01,EmiCO2Combustion,19332.90735
AT,2011-01-01,EmiCO2Combustion,19948.70626
AT,2011-04-01,EmiCO2Combustion,15066.83891
AT,2011-07-01,EmiCO2Combustion,13270.44091
AT,2011-10-01,EmiCO2Combustion,18324.00401
AT,2012-01-01,EmiCO2Combustion,18757.399
AT,2012-04-01,EmiCO2Combustion,14068.15728
AT,2012-07-01,EmiCO2Combustion,12753.90115
AT,2012-10-01,EmiCO2Combustion,17859.55106
AT,2013-01-01,EmiCO2Combustion,19174.90266
AT,2013-04-01,EmiCO2Combustion,14431.88644
AT,2013-07-01,EmiCO2Combustion,13029.68626
AT,2013-10-01,EmiCO2Combustion,17460.20422
AT,2014-01-01,EmiCO2Combustion,17071.8187
AT,2014-04-01,EmiCO2Combustion,13953.04117
AT,2014-07-01,EmiCO2Combustion,12684.07214
AT,2014-10-01,EmiCO2Combustion,16706.52463
AT,2015-01-01,EmiCO2Combustion,17879.00431
AT,2015-04-01,EmiCO2Combustion,13666.94366
AT,2015-07-01,EmiCO2Combustion,12643.40735
AT,2015-10-01,EmiCO2Combustion,17364.36485
AT,2016-01-01,EmiCO2Combustion,17815.01248
AT,2016-04-01,EmiCO2Combustion,13814.27071
AT,2016-07-01,EmiCO2Combustion,12392.2834
AT,2016-10-01,EmiCO2Combustion,17946.52523
AT,2017-01-01,EmiCO2Combustion,19415.43783
AT,2017-04-01,EmiCO2Combustion,14151.91302
AT,2017-07-01,EmiCO2Combustion,12894.17894
AT,2017-10-01,EmiCO2Combustion,17696.14198
AT,2018-01-01,EmiCO2Combustion,18300.95878
AT,2018-04-01,EmiCO2Combustion,13667.41909
AT,2018-07-01,EmiCO2Combustion,12513.74217
AT,2018-10-01,EmiCO2Combustion,16822.26907
AT,2019-01-01,EmiCO2Combustion,18444.04337
AT,2019-04-01,EmiCO2Combustion,14188.32133
AT,2019-07-01,EmiCO2Combustion,12955.70021
AT,2019-10-01,EmiCO2Combustion,17138.70913
AT,2020-01-01,EmiCO2Combustion,17021.77347
AT,2020-04-01,EmiCO2Combustion,12874.03959
AT,2020-07-01,EmiCO2Combustion,11683.09943
AT,2020-10-01,EmiCO2Combustion,15742.49216
AT,2021-01-01,EmiCO2Combustion,18197.17287
AT,2021-04-01,EmiCO2Combustion,13218.76068
AT,2021-07-01,EmiCO2Combustion,12024.3957
AT,2021-10-01,EmiCO2Combustion,16554.90478
AT,2022-01-01,EmiCO2Combustion,17246.20161
AT,2022-04-01,EmiCO2Combustion,12091.2923
AT,2022-07-01,EmiCO2Combustion,11095.25752
AT,2022-10-01,EmiCO2Combustion,15427.82377
AT,1970-01-01,EmiCO2Aviation,6.885147175
AT,1970-04-01,EmiCO2Aviation,6.885147175
AT,1970-07-01,EmiCO2Aviation,6.885147175
AT,1970-10-01,EmiCO2Aviation,6.886248843
AT,1971-01-01,EmiCO2Aviation,6.885147175
AT,1971-04-01,EmiCO2Aviation,6.885147175
AT,1971-07-01,EmiCO2Aviation,6.885147175
AT,1971-10-01,EmiCO2Aviation,6.886248843
AT,1972-01-01,EmiCO2Aviation,6.885147175
AT,1972-04-01,EmiCO2Aviation,6.885147175
AT,1972-07-01,EmiCO2Aviation,6.885147175
AT,1972-10-01,EmiCO2Aviation,6.886248843
AT,1973-01-01,EmiCO2Aviation,8.406154928
AT,1973-04-01,EmiCO2Aviation,8.406154928
AT,1973-07-01,EmiCO2Aviation,8.406154928
AT,1973-10-01,EmiCO2Aviation,8.407499967
AT,1974-01-01,EmiCO2Aviation,6.885147175
AT,1974-04-01,EmiCO2Aviation,6.885147175
AT,1974-07-01,EmiCO2Aviation,6.885147175
AT,1974-10-01,EmiCO2Aviation,6.886248843
AT,1975-01-01,EmiCO2Aviation,6.885147175
AT,1975-04-01,EmiCO2Aviation,6.885147175
AT,1975-07-01,EmiCO2Aviation,6.885147175
AT,1975-10-01,EmiCO2Aviation,6.886248843
AT,1976-01-01,EmiCO2Aviation,7.653713065
AT,1976-04-01,EmiCO2Aviation,7.653713065
AT,1976-07-01,EmiCO2Aviation,7.653713065
AT,1976-10-01,EmiCO2Aviation,7.654937708
AT,1977-01-01,EmiCO2Aviation,8.406154928
AT,1977-04-01,EmiCO2Aviation,8.406154928
AT,1977-07-01,EmiCO2Aviation,8.406154928
AT,1977-10-01,EmiCO2Aviation,8.407499967
AT,1978-01-01,EmiCO2Aviation,8.406154928
AT,1978-04-01,EmiCO2Aviation,8.406154928
AT,1978-07-01,EmiCO2Aviation,8.406154928
AT,1978-10-01,EmiCO2Aviation,8.407499967
AT,1979-01-01,EmiCO2Aviation,9.943363076
AT,1979-04-01,EmiCO2Aviation,9.943363076
AT,1979-07-01,EmiCO2Aviation,9.943363076
AT,1979-10-01,EmiCO2Aviation,9.944954077
AT,1980-01-01,EmiCO2Aviation,10.71192897
AT,1980-04-01,EmiCO2Aviation,10.71192897
AT,1980-07-01,EmiCO2Aviation,10.71192897
AT,1980-10-01,EmiCO2Aviation,10.71364294
AT,1981-01-01,EmiCO2Aviation,11.48049595
AT,1981-04-01,EmiCO2Aviation,11.48049595
AT,1981-07-01,EmiCO2Aviation,11.48049595
AT,1981-10-01,EmiCO2Aviation,11.4823329
AT,1982-01-01,EmiCO2Aviation,10.71192897
AT,1982-04-01,EmiCO2Aviation,10.71192897
AT,1982-07-01,EmiCO2Aviation,10.71192897
AT,1982-10-01,EmiCO2Aviation,10.71364294
AT,1983-01-01,EmiCO2Aviation,13.017703
AT,1983-04-01,EmiCO2Aviation,13.017703
AT,1983-07-01,EmiCO2Aviation,13.017703
AT,1983-10-01,EmiCO2Aviation,13.01978592
AT,1984-01-01,EmiCO2Aviation,15.33967743
AT,1984-04-01,EmiCO2Aviation,15.33967743
AT,1984-07-01,EmiCO2Aviation,15.33967743
AT,1984-10-01,EmiCO2Aviation,15.34213188
AT,1985-01-01,EmiCO2Aviation,16.8606841
AT,1985-04-01,EmiCO2Aviation,16.8606841
AT,1985-07-01,EmiCO2Aviation,16.8606841
AT,1985-10-01,EmiCO2Aviation,16.86338191
AT,1986-01-01,EmiCO2Aviation,16.0921193
AT,1986-04-01,EmiCO2Aviation,16.0921193
AT,1986-07-01,EmiCO2Aviation,16.0921193
AT,1986-10-01,EmiCO2Aviation,16.09469414
AT,1987-01-01,EmiCO2Aviation,16.10824223
AT,1987-04-01,EmiCO2Aviation,16.10824223
AT,1987-07-01,EmiCO2Aviation,16.10824223
AT,1987-10-01,EmiCO2Aviation,16.11081966
AT,1988-01-01,EmiCO2Aviation,17.64545038
AT,1988-04-01,EmiCO2Aviation,17.64545038
AT,1988-07-01,EmiCO2Aviation,17.64545038
AT,1988-10-01,EmiCO2Aviation,17.64827377
AT,1989-01-01,EmiCO2Aviation,20.7197914
AT,1989-04-01,EmiCO2Aviation,20.7197914
AT,1989-07-01,EmiCO2Aviation,20.7197914
AT,1989-10-01,EmiCO2Aviation,20.7231067
AT,1990-01-01,EmiCO2Aviation,16.14465057
AT,1990-04-01,EmiCO2Aviation,16.14465057
AT,1990-07-01,EmiCO2Aviation,16.14465057
AT,1990-10-01,EmiCO2Aviation,16.14723382
AT,1991-01-01,EmiCO2Aviation,17.68178126
AT,1991-04-01,EmiCO2Aviation,17.68178126
AT,1991-07-01,EmiCO2Aviation,17.68178126
AT,1991-10-01,EmiCO2Aviation,17.68461046
AT,1992-01-01,EmiCO2Aviation,18.45042352
AT,1992-04-01,EmiCO2Aviation,18.45042352
AT,1992-07-01,EmiCO2Aviation,18.45042352
AT,1992-10-01,EmiCO2Aviation,18.45337571
AT,1993-01-01,EmiCO2Aviation,21.52476454
AT,1993-04-01,EmiCO2Aviation,21.52476454
AT,1993-07-01,EmiCO2Aviation,21.52476454
AT,1993-10-01,EmiCO2Aviation,21.52820864
AT,1994-01-01,EmiCO2Aviation,23.0619705
AT,1994-04-01,EmiCO2Aviation,23.0619705
AT,1994-07-01,EmiCO2Aviation,23.0619705
AT,1994-10-01,EmiCO2Aviation,23.06566057
AT,1995-01-01,EmiCO2Aviation,21.52337934
AT,1995-04-01,EmiCO2Aviation,21.52337934
AT,1995-07-01,EmiCO2Aviation,21.52337934
AT,1995-10-01,EmiCO2Aviation,21.52682322
AT,1996-01-01,EmiCO2Aviation,24.59771927
AT,1996-04-01,EmiCO2Aviation,24.59771927
AT,1996-07-01,EmiCO2Aviation,24.59771927
AT,1996-10-01,EmiCO2Aviation,24.60165506
AT,1997-01-01,EmiCO2Aviation,25.36636153
AT,1997-04-01,EmiCO2Aviation,25.36636153
AT,1997-07-01,EmiCO2Aviation,25.36636153
AT,1997-10-01,EmiCO2Aviation,25.37042031
AT,1998-01-01,EmiCO2Aviation,29.21072673
AT,1998-04-01,EmiCO2Aviation,29.21072673
AT,1998-07-01,EmiCO2Aviation,29.21072673
AT,1998-10-01,EmiCO2Aviation,29.21540063
AT,1999-01-01,EmiCO2Aviation,29.20926516
AT,1999-04-01,EmiCO2Aviation,29.20926516
AT,1999-07-01,EmiCO2Aviation,29.20926516
AT,1999-10-01,EmiCO2Aviation,29.21393883
AT,2000-01-01,EmiCO2Aviation,26.13492742
AT,2000-04-01,EmiCO2Aviation,26.13492742
AT,2000-07-01,EmiCO2Aviation,26.13492742
AT,2000-10-01,EmiCO2Aviation,26.13910917
AT,2001-01-01,EmiCO2Aviation,24.59771927
AT,2001-04-01,EmiCO2Aviation,24.59771927
AT,2001-07-01,EmiCO2Aviation,24.59771927
AT,2001-10-01,EmiCO2Aviation,24.60165506
AT,2002-01-01,EmiCO2Aviation,25.36774454
AT,2002-04-01,EmiCO2Aviation,25.36774454
AT,2002-07-01,EmiCO2Aviation,25.36774454
AT,2002-10-01,EmiCO2Aviation,25.37180354
AT,2003-01-01,EmiCO2Aviation,24.59771927
AT,2003-04-01,EmiCO2Aviation,24.59771927
AT,2003-07-01,EmiCO2Aviation,24.59771927
AT,2003-10-01,EmiCO2Aviation,24.60165506
AT,2004-01-01,EmiCO2Aviation,26.1363868
AT,2004-04-01,EmiCO2Aviation,26.1363868
AT,2004-07-01,EmiCO2Aviation,26.1363868
AT,2004-10-01,EmiCO2Aviation,26.14056879
AT,2005-01-01,EmiCO2Aviation,26.43273632
AT,2005-04-01,EmiCO2Aviation,26.43273632
AT,2005-07-01,EmiCO2Aviation,26.43273632
AT,2005-10-01,EmiCO2Aviation,26.43696573
AT,2006-01-01,EmiCO2Aviation,27.78630711
AT,2006-04-01,EmiCO2Aviation,27.78630711
AT,2006-07-01,EmiCO2Aviation,27.78630711
AT,2006-10-01,EmiCO2Aviation,27.79075309
AT,2007-01-01,EmiCO2Aviation,28.39424564
AT,2007-04-01,EmiCO2Aviation,28.39424564
AT,2007-07-01,EmiCO2Aviation,28.39424564
AT,2007-10-01,EmiCO2Aviation,28.3987889
AT,2008-01-01,EmiCO2Aviation,27.81867655
AT,2008-04-01,EmiCO2Aviation,27.81867655
AT,2008-07-01,EmiCO2Aviation,27.81867655
AT,2008-10-01,EmiCO2Aviation,27.82312771
AT,2009-01-01,EmiCO2Aviation,27.15430082
AT,2009-04-01,EmiCO2Aviation,27.15430082
AT,2009-07-01,EmiCO2Aviation,27.15430082
AT,2009-10-01,EmiCO2Aviation,27.15864569
AT,2010-01-01,EmiCO2Aviation,26.32606818
AT,2010-04-01,EmiCO2Aviation,26.32606818
AT,2010-07-01,EmiCO2Aviation,26.32606818
AT,2010-10-01,EmiCO2Aviation,26.33028052
AT,2011-01-01,EmiCO2Aviation,26.05068063
AT,2011-04-01,EmiCO2Aviation,26.05068063
AT,2011-07-01,EmiCO2Aviation,26.05068063
AT,2011-10-01,EmiCO2Aviation,26.0548489
AT,2012-01-01,EmiCO2Aviation,24.45713446
AT,2012-04-01,EmiCO2Aviation,24.45713446
AT,2012-07-01,EmiCO2Aviation,24.45713446
AT,2012-10-01,EmiCO2Aviation,24.46104776
AT,2013-01-01,EmiCO2Aviation,24.31608193
AT,2013-04-01,EmiCO2Aviation,24.31608193
AT,2013-07-01,EmiCO2Aviation,24.31608193
AT,2013-10-01,EmiCO2Aviation,24.31997266
AT,2014-01-01,EmiCO2Aviation,23.53608649
AT,2014-04-01,EmiCO2Aviation,23.53608649
AT,2014-07-01,EmiCO2Aviation,23.53608649
AT,2014-10-01,EmiCO2Aviation,23.53985241
AT,2015-01-01,EmiCO2Aviation,23.67791081
AT,2015-04-01,EmiCO2Aviation,23.67791081
AT,2015-07-01,EmiCO2Aviation,23.67791081
AT,2015-10-01,EmiCO2Aviation,23.68169942
AT,2016-01-01,EmiCO2Aviation,23.28291579
AT,2016-04-01,EmiCO2Aviation,23.28291579
AT,2016-07-01,EmiCO2Aviation,23.28291579
AT,2016-10-01,EmiCO2Aviation,23.28664121
AT,2017-01-01,EmiCO2Aviation,22.18569265
AT,2017-04-01,EmiCO2Aviation,22.18569265
AT,2017-07-01,EmiCO2Aviation,22.18569265
AT,2017-10-01,EmiCO2Aviation,22.18924251
AT,2018-01-01,EmiCO2Aviation,23.19393123
AT,2018-04-01,EmiCO2Aviation,23.19393123
AT,2018-07-01,EmiCO2Aviation,23.19393123
AT,2018-10-01,EmiCO2Aviation,23.19764241
AT,2019-01-01,EmiCO2Aviation,23.34294965
AT,2019-04-01,EmiCO2Aviation,23.34294965
AT,2019-07-01,EmiCO2Aviation,23.34294965
AT,2019-10-01,EmiCO2Aviation,23.34668467
AT,2020-01-01,EmiCO2Aviation,23.05955731
AT,2020-04-01,EmiCO2Aviation,23.05955731
AT,2020-07-01,EmiCO2Aviation,23.05955731
AT,2020-10-01,EmiCO2Aviation,23.06324698
AT,2021-01-01,EmiCO2Aviation,27.77963727
AT,2021-04-01,EmiCO2Aviation,27.77963727
AT,2021-07-01,EmiCO2Aviation,27.77963727
AT,2021-10-01,EmiCO2Aviation,27.78408219
AT,2022-01-01,EmiCO2Aviation,42.57905464
AT,2022-04-01,EmiCO2Aviation,42.57905464
AT,2022-07-01,EmiCO2Aviation,42.57905464
AT,2022-10-01,EmiCO2Aviation,42.58586756
AT,1970-01-01,EmiCO2Road,1774.327648
AT,1970-04-01,EmiCO2Road,1976.151275
AT,1970-07-01,EmiCO2Road,1992.585923
AT,1970-10-01,EmiCO2Road,1936.677399
AT,1971-01-01,EmiCO2Road,1955.694253
AT,1971-04-01,EmiCO2Road,2178.147703
AT,1971-07-01,EmiCO2Road,2196.262253
AT,1971-10-01,EmiCO2Road,2134.638923
AT,1972-01-01,EmiCO2Road,2190.086502
AT,1972-04-01,EmiCO2Road,2439.201258
AT,1972-07-01,EmiCO2Road,2459.486859
AT,1972-10-01,EmiCO2Road,2390.477901
AT,1973-01-01,EmiCO2Road,2378.538318
AT,1973-04-01,EmiCO2Road,2649.088816
AT,1973-07-01,EmiCO2Road,2671.119945
AT,1973-10-01,EmiCO2Road,2596.172927
AT,1974-01-01,EmiCO2Road,2209.017092
AT,1974-04-01,EmiCO2Road,2460.285137
AT,1974-07-01,EmiCO2Road,2480.746082
AT,1974-10-01,EmiCO2Road,2411.140626
AT,1975-01-01,EmiCO2Road,2266.089855
AT,1975-04-01,EmiCO2Road,2523.849729
AT,1975-07-01,EmiCO2Road,2544.839308
AT,1975-10-01,EmiCO2Road,2473.435507
AT,1976-01-01,EmiCO2Road,2320.551635
AT,1976-04-01,EmiCO2Road,2584.506348
AT,1976-07-01,EmiCO2Road,2606.000377
AT,1976-10-01,EmiCO2Road,2532.880502
AT,1977-01-01,EmiCO2Road,2427.098419
AT,1977-04-01,EmiCO2Road,2703.172461
AT,1977-07-01,EmiCO2Road,2725.653376
AT,1977-10-01,EmiCO2Road,2649.176244
AT,1978-01-01,EmiCO2Road,2610.438516
AT,1978-04-01,EmiCO2Road,2907.366859
AT,1978-07-01,EmiCO2Road,2931.545955
AT,1978-10-01,EmiCO2Road,2849.291833
AT,1979-01-01,EmiCO2Road,2758.104767
AT,1979-04-01,EmiCO2Road,3071.829634
AT,1979-07-01,EmiCO2Road,3097.376484
AT,1979-10-01,EmiCO2Road,3010.469444
AT,1980-01-01,EmiCO2Road,2576.105368
AT,1980-04-01,EmiCO2Road,2869.128433
AT,1980-07-01,EmiCO2Road,2892.98952
AT,1980-10-01,EmiCO2Road,2811.817225
AT,1981-01-01,EmiCO2Road,2428.020308
AT,1981-04-01,EmiCO2Road,2704.199211
AT,1981-07-01,EmiCO2Road,2726.688665
AT,1981-10-01,EmiCO2Road,2650.182485
AT,1982-01-01,EmiCO2Road,2409.272285
AT,1982-04-01,EmiCO2Road,2683.318665
AT,1982-07-01,EmiCO2Road,2705.634466
AT,1982-10-01,EmiCO2Road,2629.71903
AT,1983-01-01,EmiCO2Road,2490.477574
AT,1983-04-01,EmiCO2Road,2773.760774
AT,1983-07-01,EmiCO2Road,2796.828736
AT,1983-10-01,EmiCO2Road,2718.354547
AT,1984-01-01,EmiCO2Road,2428.088329
AT,1984-04-01,EmiCO2Road,2704.274969
AT,1984-07-01,EmiCO2Road,2726.765053
AT,1984-10-01,EmiCO2Road,2650.25673
AT,1985-01-01,EmiCO2Road,2471.372622
AT,1985-04-01,EmiCO2Road,2752.4827
AT,1985-07-01,EmiCO2Road,2775.373704
AT,1985-10-01,EmiCO2Road,2697.501505
AT,1986-01-01,EmiCO2Road,2558.610851
AT,1986-04-01,EmiCO2Road,2849.643976
AT,1986-07-01,EmiCO2Road,2873.343021
AT,1986-10-01,EmiCO2Road,2792.721972
AT,1987-01-01,EmiCO2Road,2601.510072
AT,1987-04-01,EmiCO2Road,2897.422835
AT,1987-07-01,EmiCO2Road,2921.519232
AT,1987-10-01,EmiCO2Road,2839.546442
AT,1988-01-01,EmiCO2Road,2784.726615
AT,1988-04-01,EmiCO2Road,3101.479625
AT,1988-07-01,EmiCO2Road,3127.273059
AT,1988-10-01,EmiCO2Road,3039.527171
AT,1989-01-01,EmiCO2Road,2895.476614
AT,1989-04-01,EmiCO2Road,3224.827053
AT,1989-07-01,EmiCO2Road,3251.646305
AT,1989-10-01,EmiCO2Road,3160.410719
AT,1990-01-01,EmiCO2Road,3034.340072
AT,1990-04-01,EmiCO2Road,3379.485748
AT,1990-07-01,EmiCO2Road,3407.591218
AT,1990-10-01,EmiCO2Road,3311.980087
AT,1991-01-01,EmiCO2Road,3366.054123
AT,1991-04-01,EmiCO2Road,3748.931124
AT,1991-07-01,EmiCO2Road,3780.109084
AT,1991-10-01,EmiCO2Road,3674.045744
AT,1992-01-01,EmiCO2Road,3369.555193
AT,1992-04-01,EmiCO2Road,3752.830428
AT,1992-07-01,EmiCO2Road,3784.040817
AT,1992-10-01,EmiCO2Road,3677.867159
AT,1993-01-01,EmiCO2Road,3404.301482
AT,1993-04-01,EmiCO2Road,3791.528988
AT,1993-07-01,EmiCO2Road,3823.061213
AT,1993-10-01,EmiCO2Road,3715.79271
AT,1994-01-01,EmiCO2Road,3415.99228
AT,1994-04-01,EmiCO2Road,3804.549574
AT,1994-07-01,EmiCO2Road,3836.190084
AT,1994-10-01,EmiCO2Road,3728.553208
AT,1995-01-01,EmiCO2Road,3467.711814
AT,1995-04-01,EmiCO2Road,3862.152026
AT,1995-07-01,EmiCO2Road,3894.271586
AT,1995-10-01,EmiCO2Road,3785.005044
AT,1996-01-01,EmiCO2Road,3840.076122
AT,1996-04-01,EmiCO2Road,4276.871484
AT,1996-07-01,EmiCO2Road,4312.440056
AT,1996-10-01,EmiCO2Road,4191.440427
AT,1997-01-01,EmiCO2Road,3624.371616
AT,1997-04-01,EmiCO2Road,4036.631338
AT,1997-07-01,EmiCO2Road,4070.201955
AT,1997-10-01,EmiCO2Road,3955.999109
AT,1998-01-01,EmiCO2Road,4076.888772
AT,1998-04-01,EmiCO2Road,4540.620753
AT,1998-07-01,EmiCO2Road,4578.382794
AT,1998-10-01,EmiCO2Road,4449.921271
AT,1999-01-01,EmiCO2Road,3943.476802
AT,1999-04-01,EmiCO2Road,4392.033634
AT,1999-07-01,EmiCO2Road,4428.559951
AT,1999-10-01,EmiCO2Road,4304.302199
AT,2000-01-01,EmiCO2Road,4143.57037
AT,2000-04-01,EmiCO2Road,4614.887152
AT,2000-07-01,EmiCO2Road,4653.266829
AT,2000-10-01,EmiCO2Road,4522.704189
AT,2001-01-01,EmiCO2Road,4451.788305
AT,2001-04-01,EmiCO2Road,4958.16381
AT,2001-07-01,EmiCO2Road,4999.398345
AT,2001-10-01,EmiCO2Road,4859.123852
AT,2002-01-01,EmiCO2Road,4938.475266
AT,2002-04-01,EmiCO2Road,5500.209727
AT,2002-07-01,EmiCO2Road,5545.952184
AT,2002-10-01,EmiCO2Road,5390.342333
AT,2003-01-01,EmiCO2Road,5280.481686
AT,2003-04-01,EmiCO2Road,5881.118194
AT,2003-07-01,EmiCO2Road,5930.028473
AT,2003-10-01,EmiCO2Road,5763.642104
AT,2004-01-01,EmiCO2Road,5351.810979
AT,2004-04-01,EmiCO2Road,5960.560946
AT,2004-07-01,EmiCO2Road,6010.13191
AT,2004-10-01,EmiCO2Road,5841.497977
AT,2005-01-01,EmiCO2Road,5513.639132
AT,2005-04-01,EmiCO2Road,6140.796492
AT,2005-07-01,EmiCO2Road,6191.866383
AT,2005-10-01,EmiCO2Road,6018.133294
AT,2006-01-01,EmiCO2Road,5221.198631
AT,2006-04-01,EmiCO2Road,5815.091896
AT,2006-07-01,EmiCO2Road,5863.453068
AT,2006-10-01,EmiCO2Road,5698.93469
AT,2007-01-01,EmiCO2Road,5259.597084
AT,2007-04-01,EmiCO2Road,5857.858041
AT,2007-07-01,EmiCO2Road,5906.574876
AT,2007-10-01,EmiCO2Road,5740.846575
AT,2008-01-01,EmiCO2Road,5027.271602
AT,2008-04-01,EmiCO2Road,5599.106339
AT,2008-07-01,EmiCO2Road,5645.671269
AT,2008-10-01,EmiCO2Road,5487.263472
AT,2009-01-01,EmiCO2Road,4841.943388
AT,2009-04-01,EmiCO2Road,5392.697682
AT,2009-07-01,EmiCO2Road,5437.546015
AT,2009-10-01,EmiCO2Road,5284.977854
AT,2010-01-01,EmiCO2Road,5025.226666
AT,2010-04-01,EmiCO2Road,5596.828799
AT,2010-07-01,EmiCO2Road,5643.374787
AT,2010-10-01,EmiCO2Road,5485.031426
AT,2011-01-01,EmiCO2Road,4817.509548
AT,2011-04-01,EmiCO2Road,5365.484578
AT,2011-07-01,EmiCO2Road,5410.106594
AT,2011-10-01,EmiCO2Road,5258.308336
AT,2012-01-01,EmiCO2Road,4829.935975
AT,2012-04-01,EmiCO2Road,5379.324468
AT,2012-07-01,EmiCO2Road,5424.061583
AT,2012-10-01,EmiCO2Road,5271.871772
AT,2013-01-01,EmiCO2Road,5136.40072
AT,2013-04-01,EmiCO2Road,5720.648517
AT,2013-07-01,EmiCO2Road,5768.22425
AT,2013-10-01,EmiCO2Road,5606.377829
AT,2014-01-01,EmiCO2Road,5051.568886
AT,2014-04-01,EmiCO2Road,5626.167355
AT,2014-07-01,EmiCO2Road,5672.957337
AT,2014-10-01,EmiCO2Road,5513.783941
AT,2015-01-01,EmiCO2Road,5156.181732
AT,2015-04-01,EmiCO2Road,5742.67955
AT,2015-07-01,EmiCO2Road,5790.438504
AT,2015-10-01,EmiCO2Road,5627.968789
AT,2016-01-01,EmiCO2Road,5352.536619
AT,2016-04-01,EmiCO2Road,5961.369126
AT,2016-07-01,EmiCO2Road,6010.946811
AT,2016-10-01,EmiCO2Road,5842.290013
AT,2017-01-01,EmiCO2Road,5462.012854
AT,2017-04-01,EmiCO2Road,6083.297904
AT,2017-07-01,EmiCO2Road,6133.889609
AT,2017-10-01,EmiCO2Road,5961.783248
AT,2018-01-01,EmiCO2Road,5529.683243
AT,2018-04-01,EmiCO2Road,6158.665565
AT,2018-07-01,EmiCO2Road,6209.884065
AT,2018-10-01,EmiCO2Road,6035.645431
AT,2019-01-01,EmiCO2Road,5550.445065
AT,2019-04-01,EmiCO2Road,6181.788973
AT,2019-07-01,EmiCO2Road,6233.199778
AT,2019-10-01,EmiCO2Road,6058.306945
AT,2020-01-01,EmiCO2Road,4844.405823
AT,2020-04-01,EmiCO2Road,5395.440211
AT,2020-07-01,EmiCO2Road,5440.311352
AT,2020-10-01,EmiCO2Road,5287.665601
AT,2021-01-01,EmiCO2Road,5046.156743
AT,2021-04-01,EmiCO2Road,5620.1396
AT,2021-07-01,EmiCO2Road,5666.879452
AT,2021-10-01,EmiCO2Road,5507.876591
AT,2022-01-01,EmiCO2Road,4843.384176
AT,2022-04-01,EmiCO2Road,5394.302356
AT,2022-07-01,EmiCO2Road,5439.164034
AT,2022-10-01,EmiCO2Road,5286.550474
AT,1970-01-01,EmiCO2Residential,3707.331646
AT,1970-04-01,EmiCO2Residential,3707.331646
AT,1970-07-01,EmiCO2Residential,3707.331646
AT,1970-10-01,EmiCO2Residential,3707.924843
AT,1971-01-01,EmiCO2Residential,3416.381684
AT,1971-04-01,EmiCO2Residential,3416.381684
AT,1971-07-01,EmiCO2Residential,3416.381684
AT,1971-10-01,EmiCO2Residential,3416.928327
AT,1972-01-01,EmiCO2Residential,3481.624086
AT,1972-04-01,EmiCO2Residential,3481.624086
AT,1972-07-01,EmiCO2Residential,3481.624086
AT,1972-10-01,EmiCO2Residential,3482.181168
AT,1973-01-01,EmiCO2Residential,5971.816764
AT,1973-04-01,EmiCO2Residential,2716.695366
AT,1973-07-01,EmiCO2Residential,1346.14233
AT,1973-10-01,EmiCO2Residential,5415.159951
AT,1974-01-01,EmiCO2Residential,3422.865497
AT,1974-04-01,EmiCO2Residential,3422.865497
AT,1974-07-01,EmiCO2Residential,3422.865497
AT,1974-10-01,EmiCO2Residential,3423.413178
AT,1975-01-01,EmiCO2Residential,3418.380088
AT,1975-04-01,EmiCO2Residential,3418.380088
AT,1975-07-01,EmiCO2Residential,3418.380088
AT,1975-10-01,EmiCO2Residential,3418.927051
AT,1976-01-01,EmiCO2Residential,3673.789501
AT,1976-04-01,EmiCO2Residential,3673.789501
AT,1976-07-01,EmiCO2Residential,3673.789501
AT,1976-10-01,EmiCO2Residential,3674.377331
AT,1977-01-01,EmiCO2Residential,3581.349654
AT,1977-04-01,EmiCO2Residential,3581.349654
AT,1977-07-01,EmiCO2Residential,3581.349654
AT,1977-10-01,EmiCO2Residential,3581.922693
AT,1978-01-01,EmiCO2Residential,3740.960734
AT,1978-04-01,EmiCO2Residential,3740.960734
AT,1978-07-01,EmiCO2Residential,3740.960734
AT,1978-10-01,EmiCO2Residential,3741.559312
AT,1979-01-01,EmiCO2Residential,4123.232374
AT,1979-04-01,EmiCO2Residential,4123.232374
AT,1979-07-01,EmiCO2Residential,4123.232374
AT,1979-10-01,EmiCO2Residential,4123.892117
AT,1980-01-01,EmiCO2Residential,4531.119626
AT,1980-04-01,EmiCO2Residential,4531.119626
AT,1980-07-01,EmiCO2Residential,4531.119626
AT,1980-10-01,EmiCO2Residential,4531.844634
AT,1981-01-01,EmiCO2Residential,4353.388767
AT,1981-04-01,EmiCO2Residential,4353.388767
AT,1981-07-01,EmiCO2Residential,4353.388767
AT,1981-10-01,EmiCO2Residential,4354.085337
AT,1982-01-01,EmiCO2Residential,6042.092897
AT,1982-04-01,EmiCO2Residential,3728.651584
AT,1982-07-01,EmiCO2Residential,2720.16859
AT,1982-10-01,EmiCO2Residential,5015.074263
AT,1983-01-01,EmiCO2Residential,4462.356608
AT,1983-04-01,EmiCO2Residential,3846.671682
AT,1983-07-01,EmiCO2Residential,3635.470437
AT,1983-10-01,EmiCO2Residential,4370.874451
AT,1984-01-01,EmiCO2Residential,5279.325645
AT,1984-04-01,EmiCO2Residential,3591.333795
AT,1984-07-01,EmiCO2Residential,2960.381206
AT,1984-10-01,EmiCO2Residential,4535.404601
AT,1985-01-01,EmiCO2Residential,5710.974766
AT,1985-04-01,EmiCO2Residential,3605.336677
AT,1985-07-01,EmiCO2Residential,2943.300951
AT,1985-10-01,EmiCO2Residential,4841.757088
AT,1986-01-01,EmiCO2Residential,4142.05466
AT,1986-04-01,EmiCO2Residential,4142.05466
AT,1986-07-01,EmiCO2Residential,4142.05466
AT,1986-10-01,EmiCO2Residential,4142.717415
AT,1987-01-01,EmiCO2Residential,6466.733057
AT,1987-04-01,EmiCO2Residential,3272.363568
AT,1987-07-01,EmiCO2Residential,2072.983094
AT,1987-10-01,EmiCO2Residential,4806.597795
AT,1988-01-01,EmiCO2Residential,5326.698724
AT,1988-04-01,EmiCO2Residential,2626.590794
AT,1988-07-01,EmiCO2Residential,1797.443946
AT,1988-10-01,EmiCO2Residential,4738.254782
AT,1989-01-01,EmiCO2Residential,3724.22279
AT,1989-04-01,EmiCO2Residential,3176.406514
AT,1989-07-01,EmiCO2Residential,2915.343744
AT,1989-10-01,EmiCO2Residential,3708.779107
AT,1990-01-01,EmiCO2Residential,4389.023679
AT,1990-04-01,EmiCO2Residential,2544.858189
AT,1990-07-01,EmiCO2Residential,1853.386111
AT,1990-10-01,EmiCO2Residential,4340.392978
AT,1991-01-01,EmiCO2Residential,5413.002089
AT,1991-04-01,EmiCO2Residential,2931.805358
AT,1991-07-01,EmiCO2Residential,1207.906403
AT,1991-10-01,EmiCO2Residential,4927.562483
AT,1992-01-01,EmiCO2Residential,4365.713866
AT,1992-04-01,EmiCO2Residential,2922.16375
AT,1992-07-01,EmiCO2Residential,2350.971693
AT,1992-10-01,EmiCO2Residential,4129.701444
AT,1993-01-01,EmiCO2Residential,3538.419953
AT,1993-04-01,EmiCO2Residential,3240.093375
AT,1993-07-01,EmiCO2Residential,3188.436404
AT,1993-10-01,EmiCO2Residential,3468.170765
AT,1994-01-01,EmiCO2Residential,4853.877045
AT,1994-04-01,EmiCO2Residential,2312.298092
AT,1994-07-01,EmiCO2Residential,935.7439749
AT,1994-10-01,EmiCO2Residential,4311.771189
AT,1995-01-01,EmiCO2Residential,3457.490831
AT,1995-04-01,EmiCO2Residential,3353.417117
AT,1995-07-01,EmiCO2Residential,3316.373527
AT,1995-10-01,EmiCO2Residential,3434.552564
AT,1996-01-01,EmiCO2Residential,4933.845525
AT,1996-04-01,EmiCO2Residential,3031.099497
AT,1996-07-01,EmiCO2Residential,2794.88707
AT,1996-10-01,EmiCO2Residential,4212.348518
AT,1997-01-01,EmiCO2Residential,4459.064833
AT,1997-04-01,EmiCO2Residential,2821.393271
AT,1997-07-01,EmiCO2Residential,2069.330883
AT,1997-10-01,EmiCO2Residential,4103.210992
AT,1998-01-01,EmiCO2Residential,4390.308281
AT,1998-04-01,EmiCO2Residential,2612.41485
AT,1998-07-01,EmiCO2Residential,2112.925379
AT,1998-10-01,EmiCO2Residential,4386.869357
AT,1999-01-01,EmiCO2Residential,3906.488772
AT,1999-04-01,EmiCO2Residential,3264.227218
AT,1999-07-01,EmiCO2Residential,3043.967645
AT,1999-10-01,EmiCO2Residential,3798.523984
AT,2000-01-01,EmiCO2Residential,4032.848883
AT,2000-04-01,EmiCO2Residential,2735.027541
AT,2000-07-01,EmiCO2Residential,2541.85858
AT,2000-10-01,EmiCO2Residential,3564.304049
AT,2001-01-01,EmiCO2Residential,4090.112399
AT,2001-04-01,EmiCO2Residential,3155.845714
AT,2001-07-01,EmiCO2Residential,2839.892566
AT,2001-10-01,EmiCO2Residential,3970.223953
AT,2002-01-01,EmiCO2Residential,3736.622346
AT,2002-04-01,EmiCO2Residential,3084.239786
AT,2002-07-01,EmiCO2Residential,2920.158716
AT,2002-10-01,EmiCO2Residential,3610.216329
AT,2003-01-01,EmiCO2Residential,3621.095086
AT,2003-04-01,EmiCO2Residential,3469.274429
AT,2003-07-01,EmiCO2Residential,3436.047349
AT,2003-10-01,EmiCO2Residential,3581.483211
AT,2004-01-01,EmiCO2Residential,3612.811014
AT,2004-04-01,EmiCO2Residential,3307.972805
AT,2004-07-01,EmiCO2Residential,3204.505593
AT,2004-10-01,EmiCO2Residential,3499.462058
AT,2005-01-01,EmiCO2Residential,3520.539723
AT,2005-04-01,EmiCO2Residential,3201.830309
AT,2005-07-01,EmiCO2Residential,3124.718342
AT,2005-10-01,EmiCO2Residential,3425.360354
AT,2006-01-01,EmiCO2Residential,3241.497802
AT,2006-04-01,EmiCO2Residential,3228.757
AT,2006-07-01,EmiCO2Residential,3225.000263
AT,2006-10-01,EmiCO2Residential,3235.098457
AT,2007-01-01,EmiCO2Residential,2774.933704
AT,2007-04-01,EmiCO2Residential,2705.806108
AT,2007-07-01,EmiCO2Residential,2698.00203
AT,2007-10-01,EmiCO2Residential,2785.772559
AT,2008-01-01,EmiCO2Residential,3153.321153
AT,2008-04-01,EmiCO2Residential,2623.213431
AT,2008-07-01,EmiCO2Residential,2487.437977
AT,2008-10-01,EmiCO2Residential,3041.522104
AT,2009-01-01,EmiCO2Residential,3291.591972
AT,2009-04-01,EmiCO2Residential,2198.736347
AT,2009-07-01,EmiCO2Residential,1941.088656
AT,2009-10-01,EmiCO2Residential,2957.50975
AT,2010-01-01,EmiCO2Residential,2812.729104
AT,2010-04-01,EmiCO2Residential,2544.795532
AT,2010-07-01,EmiCO2Residential,2473.559479
AT,2010-10-01,EmiCO2Residential,2751.283908
AT,2011-01-01,EmiCO2Residential,3711.347295
AT,2011-04-01,EmiCO2Residential,1492.722656
AT,2011-07-01,EmiCO2Residential,956.4814854
AT,2011-10-01,EmiCO2Residential,3165.580855
AT,2012-01-01,EmiCO2Residential,2771.071292
AT,2012-04-01,EmiCO2Residential,1927.873662
AT,2012-07-01,EmiCO2Residential,1678.44737
AT,2012-10-01,EmiCO2Residential,2533.137686
AT,2013-01-01,EmiCO2Residential,3728.900361
AT,2013-04-01,EmiCO2Residential,1635.667192
AT,2013-07-01,EmiCO2Residential,938.5946672
AT,2013-10-01,EmiCO2Residential,2858.853357
AT,2014-01-01,EmiCO2Residential,3201.686659
AT,2014-04-01,EmiCO2Residential,1469.852633
AT,2014-07-01,EmiCO2Residential,825.5023863
AT,2014-10-01,EmiCO2Residential,2659.290564
AT,2015-01-01,EmiCO2Residential,3350.394153
AT,2015-04-01,EmiCO2Residential,1573.290244
AT,2015-07-01,EmiCO2Residential,927.5388008
AT,2015-10-01,EmiCO2Residential,2727.325675
AT,2016-01-01,EmiCO2Residential,3489.594066
AT,2016-04-01,EmiCO2Residential,1458.073435
AT,2016-07-01,EmiCO2Residential,666.7744704
AT,2016-10-01,EmiCO2Residential,3198.33189
AT,2017-01-01,EmiCO2Residential,3664.169839
AT,2017-04-01,EmiCO2Residential,1397.084287
AT,2017-07-01,EmiCO2Residential,846.2062038
AT,2017-10-01,EmiCO2Residential,3071.807537
AT,2018-01-01,EmiCO2Residential,3754.496584
AT,2018-04-01,EmiCO2Residential,1021.586607
AT,2018-07-01,EmiCO2Residential,621.6964903
AT,2018-10-01,EmiCO2Residential,2789.978652
AT,2019-01-01,EmiCO2Residential,2104.964072
AT,2019-04-01,EmiCO2Residential,2104.964072
AT,2019-07-01,EmiCO2Residential,2104.964072
AT,2019-10-01,EmiCO2Residential,2105.30088
AT,2020-01-01,EmiCO2Residential,3313.450186
AT,2020-04-01,EmiCO2Residential,1429.077704
AT,2020-07-01,EmiCO2Residential,678.8245144
AT,2020-10-01,EmiCO2Residential,2982.021134
AT,2021-01-01,EmiCO2Residential,3456.441153
AT,2021-04-01,EmiCO2Residential,1608.727789
AT,2021-07-01,EmiCO2Residential,698.1238634
AT,2021-10-01,EmiCO2Residential,2955.626432
AT,2022-01-01,EmiCO2Residential,1998.955523
AT,2022-04-01,EmiCO2Residential,1998.955523
AT,2022-07-01,EmiCO2Residential,1998.955523
AT,2022-10-01,EmiCO2Residential,1999.275368
